importateur,npa,commune,canton,litres_rouge,litres_blanc,litres_total,noga_code,noga_label,commentaire,groupe,pays
Coop Genossenschaft,4053,Basel,BS,20851699.0,9069720.0,29921419.0,47.11D,Commerce de détail de produits alimentaires en magasins non spécialisés (Grandes surfaces),,Coop,CH
Denner AG,8045,Zürich,ZH,19171726.0,6007763.0,25179489.0,47.11D,Commerce de détail de produits alimentaires en magasins non spécialisés (Grandes surfaces),,Migros,CH
Rutishauser-DiVino AG,3012,Bern,BE,3572823.0,2705390.0,6278213.0,11.02A,Vinification (Production de vin),,Coop,CH
Bataillard AG,6023,Rothenburg,LU,3843169.0,2097206.0,5940375.0,46.34A,Commerce de gros de boissons alcoolisées,,Bataillard,CH
ALDI SUISSE AG,9536,Schwarzenbach SG,SG,3152065.0,1524064.0,4676129.0,47.11D,Commerce de détail de produits alimentaires en magasins non spécialisés (Grandes surfaces),,Aldi,CH
Lidl Schweiz DL AG,8570,Weinfelden,TG,2851702.0,1596778.0,4448480.0,47.11D,Commerce de détail de produits alimentaires en magasins non spécialisés (Grandes surfaces),,Lidl,CH
Weinkellereien Aarau AG,5000,Aarau,AG,1111958.0,779504.0,1891462.0,46.34A,Commerce de gros de boissons alcoolisées,,Volare Group,CH
South Wines Sàrl,1350,Orbe,VD,1537808.0,282081.0,1819889.0,46.34A,Commerce de gros de boissons alcoolisées,,,CH
Mövenpick Wein Schweiz AG,1184,Vinzel,VD,1397868.0,399856.0,1797724.0,47.25A,Commerce de détail de boissons (Vins et spiritueux),,Famille von Finck,CH
Zürcher Mächler & Cie SA,5000,Aarau,AG,827719.0,749917.0,1577636.0,46.34A,Commerce de gros de boissons alcoolisées,,Volare Group,CH
Rudolf Bindella Weinbau- Weinhandel AG,8037,Zürich,ZH,1217161.0,312023.0,1529184.0,47.25A,Commerce de détail de boissons (Vins et spiritueux),,Famille Bindella,CH
SA Vini Bée,6855,Stabio,TI,901520.0,389793.0,1291313.0,46.34A,Commerce de gros de boissons alcoolisées,,Pôle Agroalimentaire de Stabio,CH
Escher SA,1242,Satigny,GE,872518.0,387110.0,1259628.0,46.34A,Commerce de gros de boissons alcoolisées,,Escher,CH
Les Grands Chais Suisse SA,6003,Luzern,LU,771394.0,369508.0,1140902.0,46.34A,Commerce de gros de boissons alcoolisées,,"""Grands Chais de France"" (Famille Helfrich)",CH
OTTO'S AG,6210,Sursee,LU,971321.0,142243.0,1113564.0,47.11D,Commerce de détail de produits alimentaires en magasins non spécialisés (Grandes surfaces),,Otto's,CH
J. Lage Pereira - Import & Handel,8500,Frauenfeld,TG,738747.0,291156.0,1029903.0,46.34A,Commerce de gros de boissons alcoolisées,,,CH
Casa del Vino SA,8953,Dietikon,ZH,739971.0,267920.0,1007891.0,46.34A,Commerce de gros de boissons alcoolisées,L'homme fort à la tête du conseil de Casa del Vino est Philipp Dautzenberg. Il s'avère qu'il est également le CEO (Directeur général) de Transgourmet Schweiz AG.,Coop,CH
Covin AG,8184,Bachenbülach,ZH,704892.0,165050.0,869942.0,46.34A,Commerce de gros de boissons alcoolisées,,,CH
SCHULER 1694 AG,6423,Seewen SZ,SZ,669434.0,110723.0,780157.0,47.25A,Commerce de détail de boissons (Vins et spiritueux),,,CH
Schenk Suisse SA,1180,Rolle,VD,491367.0,283948.0,775315.0,11.02A,Vinification (Production de vin),"Un des plus grands acteurs de la production, de l'élevage et de la vinification en Suisse (Rolle, VD).",Schenk,CH
Scherer & Bühler AG,6045,Meggen,LU,555877.0,215745.0,771622.0,46.34A,Commerce de gros de boissons alcoolisées,,,CH
Globalwine AG,8045,Zürich,ZH,632580.0,133278.0,765858.0,46.34A,Commerce de gros de boissons alcoolisées,,,CH
Philipp Schwander AG,8045,Zürich,ZH,510337.0,177643.0,687980.0,47.25A,Commerce de détail de boissons (Vins et spiritueux),,,CH
Delinat AG,9000,St. Gallen,SG,492018.0,159473.0,651491.0,47.91A,Commerce de détail par correspondance ou par Internet,,,CH
Weinwelt Schweiz AG,1920,Martigny,VS,388479.0,212430.0,600909.0,46.34A,Commerce de gros de boissons alcoolisées,,,CH
QoQa Services SA,1030,Bussigny,VD,492649.0,95370.0,588019.0,47.91A,Commerce de détail par correspondance ou par Internet,,,CH
Vinum SA,2504,Biel/Bienne,BE,509587.0,57493.0,567080.0,58.14A,Édition de revues et périodiques,"Attention particularité : Vinum est un magazine européen sur le vin, son activité principale relève donc des médias/édition.",,CH
Moët Hennessy (Suisse) SA,1262,Eysins,VD,526395.0,30237.0,556632.0,46.34A,Commerce de gros de boissons alcoolisées,,LVMH,CH
Pieroth Romanet SA,6330,Cham,ZG,406123.0,149606.0,555729.0,47.25A,Commerce de détail de boissons (Vins et spiritueux),,,CH
Gerstl Weinselektionen AG,8957,Spreitenbach,ZH,413478.0,129355.0,542833.0,47.25A,Commerce de détail de boissons (Vins et spiritueux),,,CH
Germidor Cave Derborence SA,1964,Conthey,VS,418224.0,121257.0,539481.0,11.02A,Vinification (Production de vin),"Cave de production, encavage et élevage de vins en Valais (Conthey).",Groupe Germanier,CH
Martel AG St. Gallen,9001,St. Gallen,SG,353886.0,152855.0,506741.0,47.25A,Commerce de détail de boissons (Vins et spiritueux),,,CH
AMD Swiss Sàrl,1616,Attalens,FR,356793.0,130854.0,487647.0,46.34A,Commerce de gros de boissons alcoolisées,,,CH
Paul Ullrich AG,4018,Basel,BS,361142.0,113747.0,474889.0,47.25A,Commerce de détail de boissons (Vins et spiritueux),,,CH
Real Casa Portuguesa GmbH,8112,Otelfingen,ZH,350096.0,101189.0,451285.0,46.34A,Commerce de gros de boissons alcoolisées,,,CH
Vergani + Co AG,8003,Zürich,ZH,286641.0,159691.0,446332.0,46.34A,Commerce de gros de boissons alcoolisées,,,CH
Terravigna AG,3427,Utzenstorf,BE,328142.0,113284.0,441426.0,46.34A,Commerce de gros de boissons alcoolisées,,,CH
Transgourmet Schweiz AG,4053,Basel,BS,271093.0,147696.0,418789.0,46.39A,Commerce de gros interentreprises de produits alimentaires,"Géant du cash & carry et de la livraison pour la restauration. Son assortiment de vin est immense, mais son code englobe la totalité de l'alimentaire de gros.",Coop,CH
Landi Schweiz AG,3293,Dotzigen,BE,329784.0,85499.0,415283.0,46.75A,Commerce de gros de produits chimiques,"Particularité réglementaire : En tant que centrale d'achat/logistique du groupe agricole Fenaco, la holding Landi est historiquement rattachée au gros agricole/intrants (les magasins Landi locaux ayant, eux, des codes de détail).",,CH
Borgovecchio SA,6828,Balerna,TI,320146.0,69108.0,389254.0,46.34A,Commerce de gros de boissons alcoolisées,,,CH
Vino Vintana AG,6030,Ebikon,LU,308437.0,63557.0,371994.0,46.34A,Commerce de gros de boissons alcoolisées,,,CH
Cave Amann SA,9220,Bischofszell,TG,282904.0,83621.0,366525.0,46.34A,Commerce de gros de boissons alcoolisées,,,CH
H. Kracht's Erben AG,8001,Zürich,ZH,253251.0,101137.0,354388.0,47.25A,Commerce de détail de boissons (Vins et spiritueux),,,CH
AVU SA,6900,Paradiso,TI,317509.0,26003.0,343512.0,46.34A,Commerce de gros de boissons alcoolisées,,,CH
Vicampo.de GmbH Mainz (DE),9016,St. Gallen,SG,273542.0,49485.0,323027.0,47.91A,Commerce de détail par correspondance ou par Internet,,,CH
CAVE DE LA CÔTE société coopérative,1131,Tolochenaz,VD,273411.0,44368.0,317779.0,11.02A,Vinification (Production de vin),"Coopérative viticole majeure du bassin lémanique (Tolochenaz, VD) qui gère la récolte, le pressurage, la vinification et l'élevage.",,CH
Smith & Smith AG,8045,Zürich,ZH,169233.0,145454.0,314687.0,46.34A,Commerce de gros de boissons alcoolisées,,,CH
XL Brands Sàrl,1214,Vernier,GE,233495.0,76839.0,310334.0,46.34A,Commerce de gros de boissons alcoolisées,,,CH
Emil Nüesch AG,9436,Balgach,SG,95800.0,204475.0,300275.0,11.02A,Vinification (Production de vin),"Maison de tradition de Suisse orientale (Heerbrugg, SG) qui possède ses propres vignobles et gère sa propre production de vin.",,CH
SPAR Management AG,9015,St. Gallen,SG,225986.0,70283.0,296269.0,70.10Z,Activités des sièges sociaux,Holding administrative centrale du groupe SPAR en Suisse.,,CH
Mauler & Cie S.A.,2112,Môtiers NE,NE,205038.0,52039.0,257077.0,11.02A,Vinification (Production de vin),Célèbre maison neuchâteloise (Môtiers) spécialisée dans la production industrielle de vins mousseux.,,CH
Stardrinks AG,6005,Luzern,LU,176815.0,62505.0,239320.0,46.34A,Commerce de gros de boissons alcoolisées,,,CH
von Salis AG,7304,Maienfeld,GR,164009.0,69978.0,233987.0,46.34A,Commerce de gros de boissons alcoolisées,,,CH
Landolt Weine AG,8045,Zürich,ZH,127561.0,106289.0,233850.0,47.25A,Commerce de détail de boissons (Vins et spiritueux),,,CH
Alloboissons SA,1762,Givisiez,FR,188567.0,37789.0,226356.0,46.34A,Commerce de gros de boissons alcoolisées,,,CH
Fratelli Triacca AG,7748,Campascio,GR,202826.0,22184.0,225010.0,46.34A,Commerce de gros de boissons alcoolisées,,Triacca,CH
CARATELLO WEINE AG,9014,St. Gallen,SG,179302.0,43252.0,222554.0,46.34A,Commerce de gros de boissons alcoolisées,,,CH
Zweifel 1898 AG,8049,Zürich,ZH,154598.0,61759.0,216357.0,47.25A,Commerce de détail de boissons (Vins et spiritueux),"Bien que producteur de vin à Zurich, leur structure commerciale actuelle est un réseau d'œnothèques axé sur la vente au détail.",,CH
Nauer Weine AG,5620,Bremgarten AG,AG,156631.0,53953.0,210584.0,46.34A,Commerce de gros de boissons alcoolisées,,Nauer,CH
Vintra SA Weinimporte,8008,Zürich,ZH,150772.0,56340.0,207112.0,46.34A,Commerce de gros de boissons alcoolisées,,Bataillard,CH
M. CUNHA SUISSE SA,1202,Genève,GE,132116.0,70286.0,202402.0,46.34A,Commerce de gros de boissons alcoolisées,,,CH
Manor AG Basel,8901,Urdorf,ZH,173490.0,25190.0,198680.0,47.11D,Commerce de détail de produits alimentaires en magasins non spécialisés (Grandes surfaces),,,CH
Matasci Vini SA,6598,Tenero,TI,112948.0,51960.0,164908.0,11.02A,Vinification (Production de vin),"Producteur historique tessinois (Tenero), encaveur et créateur du célèbre Selezione d'Ottobre.",,CH
Dettling & Marmot AG,8305,Dietlikon,ZH,105156.0,58331.0,163487.0,46.34A,Commerce de gros de boissons alcoolisées,,,CH
Cape Wine Selection SA,8820,Wädenswil,ZH,115050.0,43293.0,158343.0,46.34A,Commerce de gros de boissons alcoolisées,,,CH
BERTHAUDIN SA,1227,Carouge,GE,127803.0,27762.0,155565.0,47.25A,Commerce de détail de boissons (Vins et spiritueux),,,CH
EGLE INTERNATIONAL SA,6830,Chiasso,TI,153032.0,1143.0,154175.0,46.34A,Commerce de gros de boissons alcoolisées,,,CH
Fischer Weine Sursee AG,6210,Sursee,LU,116465.0,37646.0,154111.0,46.34A,Commerce de gros de boissons alcoolisées,,,CH
Siebe Dupf Kellerei AG,4410,Liestal,BL,97193.0,56874.0,154067.0,11.02A,Vinification (Production de vin),"Cave de production, élevage et pressurage de vins basée à Liestal (BL).",,CH
Plozza SA,7743,Brusio,GR,113736.0,26097.0,139833.0,11.02A,Vinification (Production de vin),Producteur et éleveur de vins (connu pour le Sforzato) basé à Brusio (GR) avec des caves en Valteline.,,CH
De Pina José et Helena Casa Portuguêsa,3960,Sierre,VS,105827.0,30593.0,136420.0,46.34A,Commerce de gros de boissons alcoolisées,,,CH
EMIX TRADING AG,6300,Zug,ZG,127125.0,5670.0,132795.0,46.39A,Commerce de gros interentreprises de produits alimentaires,Grossiste et société de négoce de produits de grande consommation et alimentaires.,,CH
MARCELLINO IMPORT GMBH,9100,Herisau,AI,90919.0,39472.0,130391.0,46.34A,Commerce de gros de boissons alcoolisées,,,CH
Raphael Dal Bo AG,8807,Freienbach,SZ,82121.0,39870.0,121991.0,46.34A,Commerce de gros de boissons alcoolisées,,,CH
Tamborini Carlo SA,6814,Lamone,TI,79388.0,41742.0,121130.0,11.02A,Vinification (Production de vin),"Un des piliers de la viticulture tessinoise (Lamone), producteur et propriétaire de vignobles.",,CH
ARVI SA,6818,Melano,TI,96047.0,22378.0,118425.0,46.34A,Commerce de gros de boissons alcoolisées,,,CH
Flaschenpost Services AG,8045,Zürich,ZH,96016.0,20605.0,116621.0,47.91A,Commerce de détail par correspondance ou par Internet,,,CH
Weibel Weine AG,3645,Gwatt (Thun),BE,93151.0,22467.0,115618.0,46.34A,Commerce de gros de boissons alcoolisées,,,CH
Languedoc Weine GmbH,8583,Sulgen,TG,89630.0,25130.0,114760.0,47.25A,Commerce de détail de boissons (Vins et spiritueux),,,CH
Nicolas Suisse SA,1204,Genève,GE,90267.0,23415.0,113682.0,47.25A,Commerce de détail de boissons (Vins et spiritueux),,,CH
Secli Weinwelt AG,9470,Buchs,SG,65070.0,47631.0,112701.0,46.34A,Commerce de gros de boissons alcoolisées,,,CH
La Vinothèque SA,1242,Satigny,GE,71273.0,41347.0,112620.0,47.25A,Commerce de détail de boissons (Vins et spiritueux),,,CH
Weinhandlung am Küferweg AG,5703,Seon,AG,81603.0,30251.0,111854.0,46.34A,Commerce de gros de boissons alcoolisées,,,CH
Riem Daepp & Co. Aktiengesellschaft,3629,Kiesen,BE,95852.0,15122.0,110974.0,11.02A,Vinification (Production de vin),"Maison de tradition bernoise (Kiesen) qui assure elle-même le pressurage, la vinification et l'embouteillage.",,CH
WineStories AG,9220,Bischofszell,TG,72027.0,38496.0,110523.0,47.91A,Commerce de détail par correspondance ou par Internet,,,CH
Hammel S.A.,1180,Rolle,VD,76183.0,32713.0,108896.0,11.02A,Vinification (Production de vin),"Acteur historique majeur de Rolle (VD), gérant de nombreux domaines, de la vigne à la mise en bouteille.",Schenk,CH
migrolino AG,5034,Suhr,AG,48856.0,59862.0,108718.0,46.39A,Commerce de gros interentreprises de produits alimentaires,,Migros,CH
Decantalo Vinos S.L. Barcelona/ES,1010,Lausanne,VD,82012.0,26078.0,108090.0,47.91A,Commerce de détail par correspondance ou par Internet,,,CH
LE CAVE S.A.,1196,Gland,VD,73058.0,33293.0,106351.0,47.25A,Commerce de détail de boissons (Vins et spiritueux),,,CH
Casa Lusitania Bern GmbH,3013,Bern,BE,83993.0,20516.0,104509.0,46.34A,Commerce de gros de boissons alcoolisées,,,CH
Vogel Vins SA,1091,Grandvaux,VD,73529.0,29988.0,103517.0,46.34A,Commerce de gros de boissons alcoolisées,,,CH
Weibel Weinhandel AG,6340,Baar,ZG,78701.0,22491.0,101192.0,46.34A,Commerce de gros de boissons alcoolisées,,,CH
Scherer SA,1227,Genève,GE,71589.0,29028.0,100617.0,46.34A,Commerce de gros de boissons alcoolisées,,,CH
Pamisa Vins Sàrl,1772,Grolley,FR,82689.0,15436.0,98125.0,46.34A,Commerce de gros de boissons alcoolisées,,,CH
Emerald Food & Beverage AG,6300,Zug,ZG,96006.0,0.0,96006.0,46.34A,Commerce de gros de boissons alcoolisées,,,CH
Carlsberg Supply Company AG,8866,Ziegelbrücke,GL,41371.0,53402.0,94773.0,46.34A,Commerce de gros de boissons alcoolisées,,Carlsberg,CH
Gualtieri Vin SA,1228,Plan-les-Ouates,GE,66943.0,27773.0,94716.0,46.34A,Commerce de gros de boissons alcoolisées,,,CH
Demaurex & Cie S.A.,1022,Chavannes-près-Renens,VD,83100.0,9279.0,92379.0,46.39A,Commerce de gros interentreprises de produits alimentaires,,,CH
südhang AG,8803,Rüschlikon,ZH,45762.0,44947.0,90709.0,47.25A,Commerce de détail de boissons (Vins et spiritueux),,,CH
Maisons Marques & Domaines Suisse (MMD),5012,Schönenwerd,SO,74691.0,13694.0,88385.0,46.34A,Commerce de gros de boissons alcoolisées,,,CH
EDULIS SA,1227,Les Acacias,GE,77630.0,9696.0,87326.0,46.34A,Commerce de gros de boissons alcoolisées,,,CH
De Simoni AG,6010,Kriens,LU,53874.0,31158.0,85032.0,46.34A,Commerce de gros de boissons alcoolisées,,,CH
SVR Vins SA,1023,Crissier,VD,69349.0,15338.0,84687.0,46.34A,Commerce de gros de boissons alcoolisées,,,CH
Daniel Gazzar Vins SA,1009,Pully,VD,76167.0,7798.0,83965.0,47.91A,Commerce de détail par correspondance ou par Internet,,,CH
Le Passeur de Vin SA,1227,Les Acacias,GE,48988.0,32007.0,80995.0,47.25A,Commerce de détail de boissons (Vins et spiritueux),,,CH
VINTAGE 67 GmbH,3063,Ittigen,BE,65671.0,12922.0,78593.0,46.34A,Commerce de gros de boissons alcoolisées,,,CH
MILLESIMA Suisse Sàrl,1009,Pully,VD,64807.0,13663.0,78470.0,47.91A,Commerce de détail par correspondance ou par Internet,,,CH
CAVE ROYALE SA,1006,Lausanne,VD,64588.0,13825.0,78413.0,46.34A,Commerce de gros de boissons alcoolisées,,,CH
Gastrovin AG,8600,Dübendorf,ZH,54613.0,23672.0,78285.0,46.34A,Commerce de gros de boissons alcoolisées,,,CH
Mitico Ticino SA,6592,Sant'Antonino,TI,48864.0,29178.0,78042.0,46.34A,Commerce de gros de boissons alcoolisées,,,CH
VIVINO ApS Kobenhaven/DK,8008,Zürich,ZH,73510.0,1914.0,75424.0,47.91A,Commerce de détail par correspondance ou par Internet,,,CH
Château André Ziltener SA,4153,Reinach BL,BL,59200.0,15116.0,74316.0,47.91A,Commerce de détail par correspondance ou par Internet,,,CH
Canetti SA,6616,Losone,TI,41567.0,31734.0,73301.0,46.34A,Commerce de gros de boissons alcoolisées,,,CH
Remimag Gastronomie AG,6023,Rothenburg,LU,42669.0,30489.0,73158.0,56.10A,"Restaurants, cafés et salons de thé","Groupe de restauration qui exploite de nombreux établissements. Le vin y est servi, mais leur code NOGA principal relève de la restauration.",,CH
Vinothèque La passion du vin SA,3011,Bern,BE,56292.0,16728.0,73020.0,47.25A,Commerce de détail de boissons (Vins et spiritueux),,,CH
REB Wein AG,8038,Zürich,ZH,38383.0,32812.0,71195.0,46.34A,Commerce de gros de boissons alcoolisées,,,CH
Pierre Wyss SA Négoce de vins,1756,Onnens FR,FR,61188.0,9810.0,70998.0,46.34A,Commerce de gros de boissons alcoolisées,,,CH
Vogelsanger Weine AG,9015,St. Gallen,SG,41732.0,28861.0,70593.0,46.34A,Commerce de gros de boissons alcoolisées,,,CH
Vinenzo Cavaliere E. Cuzzucoli,4057,Basel,BS,48196.0,20319.0,68515.0,46.34A,Commerce de gros de boissons alcoolisées,,,CH
Bio Partner Schweiz AG,5703,Seon,AG,42014.0,26344.0,68358.0,46.39A,Commerce de gros interentreprises de produits alimentaires,,,CH
Weinvogel SA,8006,Zürich,ZH,51860.0,15708.0,67568.0,46.34A,Commerce de gros de boissons alcoolisées,,,CH
Vini D'Amato AG,4051,Basel,BS,43727.0,23140.0,66867.0,46.34A,Commerce de gros de boissons alcoolisées,,,CH
Erwal Wein AG,8002,Zürich,ZH,37009.0,27514.0,64523.0,46.34A,Commerce de gros de boissons alcoolisées,,,CH
St. Peter's Weine AG,4563,Gerlafingen,SO,51016.0,12460.0,63476.0,47.25A,Commerce de détail de boissons (Vins et spiritueux),,,CH
G & L Wine Sagl,6900,Lugano,TI,61714.0,833.0,62547.0,46.34A,Commerce de gros de boissons alcoolisées,,,CH
RITTER WEINE Aktiengesellschaft,9494,Schaan,FL,30637.0,31667.0,62304.0,46.34A,Commerce de gros de boissons alcoolisées,,,LI
Gunz Schweiz GmbH,7000,Chur,GR,36093.0,25146.0,61239.0,46.39A,Commerce de gros interentreprises de produits alimentaires,,,CH
Buonvicini AG,8304,Wallisellen,ZH,35965.0,25221.0,61186.0,46.34A,Commerce de gros de boissons alcoolisées,,,CH
La Torre SA,7742,Poschiavo,GR,39640.0,21089.0,60729.0,46.34A,Commerce de gros de boissons alcoolisées,,,CH
MQ Wines at low cost AG,6330,Cham,ZG,17971.0,40781.0,58752.0,47.91A,Commerce de détail par correspondance ou par Internet,,,CH
Morand frères SA,1635,La Tour-de-Trême,FR,32133.0,26597.0,58730.0,46.34A,Commerce de gros de boissons alcoolisées,"Acteur historique romand (La Tour-de-Peilz, VD) de la distribution en gros de boissons et vins.",,CH
Vins du Douro da Silva Leandro Freitas,1868,Collombey,VS,52632.0,6042.0,58674.0,46.34A,Commerce de gros de boissons alcoolisées,,,CH
Lodavin SA,1025,St-Sulpice VD,VD,48581.0,10056.0,58637.0,46.34A,Commerce de gros de boissons alcoolisées,,,CH
Denz Weine AG,8001,Zürich,ZH,51583.0,6989.0,58572.0,46.34A,Commerce de gros de boissons alcoolisées,,,CH
VINELLO retail GmbH Dresden,8240,Thayngen,SH,37381.0,20804.0,58185.0,47.91A,Commerce de détail par correspondance ou par Internet,,,CH
Jeggli Weine AG,8107,Buchs ZH,ZH,40921.0,16793.0,57714.0,47.25A,Commerce de détail de boissons (Vins et spiritueux),,,CH
Henkell Freixenet Switzerland GmbH,8048,Zürich,ZH,51017.0,6237.0,57254.0,46.34A,Commerce de gros de boissons alcoolisées,,,CH
Vinothèque de la Charrière S.A.,2300,La Chaux-de-Fonds,NE,40541.0,16455.0,56996.0,47.25A,Commerce de détail de boissons (Vins et spiritueux),,,CH
Boucherville AG,8006,Zürich,ZH,26646.0,30050.0,56696.0,47.25A,Commerce de détail de boissons (Vins et spiritueux),,,CH
Successori di Eugenio Brughera SA,6805,Mezzovico,TI,6014.0,50675.0,56689.0,46.34A,Commerce de gros de boissons alcoolisées,,,CH
K & K Promotions SA,1217,Meyrin,GE,36974.0,18779.0,55753.0,46.34A,Commerce de gros de boissons alcoolisées,,,CH
Pernod Ricard Swiss SA,8304,Wallisellen,ZH,50963.0,2592.0,53555.0,46.34A,Commerce de gros de boissons alcoolisées,,Pernod Ricard,CH
Grünenfelder SA,6572,Quartino,TI,24668.0,27902.0,52570.0,46.34A,Commerce de gros de boissons alcoolisées,,,CH
Archetti Vini d'Italia AG,8303,Bassersdorf,ZH,39364.0,11385.0,50749.0,46.34A,Commerce de gros de boissons alcoolisées,,,CH
SAYA S.A.,1196,Gland,VD,40572.0,9839.0,50411.0,46.34A,Commerce de gros de boissons alcoolisées,,,CH
Kraftwerk Event GmbH,8802,Kilchberg ZH,ZH,24150.0,25796.0,49946.0,56.21Z,Services des traiteurs,"Structure zurichoise dédiée à l'événementiel, aux espaces de réunions et à la restauration événementielle (Impact Hub).",,CH
Vennerhus Weine AG,3506,Grosshöchstetten,BE,39437.0,10007.0,49444.0,46.34A,Commerce de gros de boissons alcoolisées,,,CH
Vinag-Transporte AG,5426,Lengnau AG,AG,38487.0,9790.0,48277.0,49.41A,Transports routiers de marchandises,Cette société n'achète ni ne vend de vin. Son rôle est la logistique pure : le transport routier national et international de liquides alimentaires en camions-citernes (notamment pour le vin).,,CH
Resinelli vini Sagl,6532,Castione,TI,27454.0,20781.0,48235.0,46.34A,Commerce de gros de boissons alcoolisées,,,CH
Vini Divini AG,5507,Mellingen,AG,30346.0,17856.0,48202.0,46.34A,Commerce de gros de boissons alcoolisées,,,CH
DM Vini D. Martello Panno,6032,Emmen,LU,37230.0,10905.0,48135.0,46.34A,Commerce de gros de boissons alcoolisées,,,CH
Rimuss & Strada Wein AG,8215,Hallau,SH,31276.0,16176.0,47452.0,11.02A,Vinification (Production de vin),"Acteur industriel incontournable (Hallau, SH), pionnier des jus de raisin pétillants (Rimuss) et de la production de vins suisses (Strada).",Rimuss & Strada,CH
SCHÜWO AG,5610,Wohlen AG,AG,32521.0,14599.0,47120.0,46.34A,Commerce de gros de boissons alcoolisées,,Rimuss & Strada,CH
Schubi Weine AG,6003,Luzern,LU,38724.0,7659.0,46383.0,47.25A,Commerce de détail de boissons (Vins et spiritueux),,,CH
Savinis AG,4132,Muttenz,BL,35491.0,10376.0,45867.0,46.34A,Commerce de gros de boissons alcoolisées,,,CH
Cultivino Weingalerie,3097,Liebefeld,BE,16814.0,28737.0,45551.0,47.25A,Commerce de détail de boissons (Vins et spiritueux),,,CH
Jakob Gerhardt Swiss Wine Broker GmbH,6330,Cham,ZG,36707.0,8413.0,45120.0,46.34A,Commerce de gros de boissons alcoolisées,,,CH
CIBUS SA,1214,Vernier,GE,22500.0,22500.0,45000.0,46.39A,Commerce de gros interentreprises de produits alimentaires,,,CH
Carl Studer Vinothek AG,6005,Luzern,LU,20840.0,23656.0,44496.0,47.25A,Commerce de détail de boissons (Vins et spiritueux),,,CH
Genossenschaft Cavino,8712,Stäfa,ZH,23285.0,20227.0,43512.0,46.34A,Commerce de gros de boissons alcoolisées,,,CH
bofrost suisse AG,8807,Freienbach,SZ,34637.0,8289.0,42926.0,47.91A,Commerce de détail par correspondance ou par Internet,,,CH
Liechti Weine,4056,Basel,BS,26616.0,16112.0,42728.0,47.25A,Commerce de détail de boissons (Vins et spiritueux),,,CH
Vinosur Weinimport GmbH,8964,Rudolfstetten,ZH,29928.0,12616.0,42544.0,46.34A,Commerce de gros de boissons alcoolisées,,,CH
Fine Wine Trade AG Herisau,9100,Herisau,AI,34641.0,7596.0,42237.0,46.34A,Commerce de gros de boissons alcoolisées,,,CH
Vini & Vini SA,1009,Pully,VD,30392.0,11646.0,42038.0,46.34A,Commerce de gros de boissons alcoolisées,,,CH
Collection Markus Nauer AG,5102,Rupperswil,AG,24764.0,16922.0,41686.0,46.34A,Commerce de gros de boissons alcoolisées,,Nauer,CH
Divina Food AG,8953,Dietikon,ZH,33579.0,7880.0,41459.0,46.39A,Commerce de gros interentreprises de produits alimentaires,,,CH
Weinhandlung Ritschard AG,3800,Interlaken,BE,36294.0,4505.0,40799.0,47.25A,Commerce de détail de boissons (Vins et spiritueux),,,CH
Marina Rodriguez,1217,Meyrin,GE,0.0,40725.0,40725.0,46.34A,Commerce de gros de boissons alcoolisées,,Importation et commerce de gros de vins de la péninsule ibérique.,CH
Meregalli (Suisse) SA,6883,Novazzano,TI,36027.0,4150.0,40177.0,46.34A,Commerce de gros de boissons alcoolisées,,,CH
amiata gmbh,9008,St. Gallen,SG,31557.0,8377.0,39934.0,46.34A,Commerce de gros de boissons alcoolisées,,,CH
Zafferana AG,9050,Appenzell,AR,36767.0,2973.0,39740.0,46.39A,Commerce de gros interentreprises de produits alimentaires,,,CH
Mille Vins GmbH,3005,Bern,BE,27983.0,11727.0,39710.0,47.25A,Commerce de détail de boissons (Vins et spiritueux),,,CH
Vini Sacripanti AG,5430,Wettingen,AG,29066.0,9703.0,38769.0,46.34A,Commerce de gros de boissons alcoolisées,,,CH
Cava Hispania Basel AG,4054,Basel,BS,26574.0,12041.0,38615.0,47.25A,Commerce de détail de boissons (Vins et spiritueux),,,CH
SGA Schweizerische Grosshandelsagentur,3762,Erlenbach im Simme,BE,38304.0,32.0,38336.0,46.34A,Commerce de gros de boissons alcoolisées,,,CH
Weinkellerei Stämpfli AG,3177,Laupen BE,BE,31292.0,5242.0,36534.0,46.34A,Commerce de gros de boissons alcoolisées,,,CH
TRS Services Sàrl,1212,Grand-Lancy,GE,29356.0,6994.0,36350.0,82.99Z,Autres activités de soutien aux entreprises n.c.a.,"Société de services techniques, d'installations de tirage (fûts, buvettes) et de logistique événementielle pour les boissons.",,CH
Dani Matter Weine Kollektivgesellschaft,7503,Samedan,GR,23238.0,12034.0,35272.0,47.25A,Commerce de détail de boissons (Vins et spiritueux),,,CH
Wieland AG Thusis,7430,Thusis,GR,23659.0,11613.0,35272.0,46.34A,Commerce de gros de boissons alcoolisées,,,CH
Granarolo Suisse SA,6934,Bioggio,TI,20663.0,14594.0,35257.0,46.33A,"Commerce de gros de produits laitiers, œufs, huiles et graisses comestible","Filiale du géant italien de l'agroalimentaire. Bien qu'ils importent des vins italiens, leur cœur de métier historique reste les produits laitiers et la gastronomie italienne globale.",,CH
Wy vom Wyhüsli Alexis Born AG,3425,Koppigen,BE,27525.0,7697.0,35222.0,47.25A,Commerce de détail de boissons (Vins et spiritueux),,,CH
Mathieu S.A. Vins fins d'origine,1123,Aclens,VD,17755.0,17255.0,35010.0,46.34A,Commerce de gros de boissons alcoolisées,,,CH
Kaisergarten Schweiz AG,9430,St. Margrethen SG,SG,19780.0,15022.0,34802.0,46.34A,Commerce de gros de boissons alcoolisées,,,CH
Weinsicht GmbH,6438,Ibach,SZ,23174.0,11558.0,34732.0,46.34A,Commerce de gros de boissons alcoolisées,,,CH
Fattoria la Vialla di Gianni Antonio e,8008,Zürich,ZH,22106.0,12185.0,34291.0,47.91A,Commerce de détail par correspondance ou par Internet,Domaine toscan dont le modèle en Suisse repose à 100% sur la vente directe par correspondance (catalogues/Internet) aux particuliers.,,CH
casa tinto GmbH,4564,Obergerlafingen,SO,24208.0,10010.0,34218.0,46.34A,Commerce de gros de boissons alcoolisées,,,CH
Lauterbach SA,9548,Matzingen,TG,23025.0,10579.0,33604.0,46.34A,Commerce de gros de boissons alcoolisées,,,CH
Vivino GmbH Frankfurt/DE,8008,Zürich,ZH,32605.0,941.0,33546.0,47.91A,Commerce de détail par correspondance ou par Internet,,,CH
ARTHUR'S CELLAR INTERNATIONAL SA,1204,Genève,GE,23897.0,9239.0,33136.0,46.34A,Commerce de gros de boissons alcoolisées,,,CH
Vini e Distillati Angelo Delea SA,6616,Losone,TI,17033.0,15842.0,32875.0,11.02A,Vinification (Production de vin),Un des plus célèbres producteurs et encaveurs du Tessin (Losone). Dispose d'infrastructures majeures de pressurage et de distillerie.,,CH
Amstein SA,1806,St-Légier-Chiésaz,VD,24291.0,8492.0,32783.0,46.34A,Commerce de gros de boissons alcoolisées,,,CH
Adriatic Terroir GmbH,8917,Oberlunkhofen,AG,9915.0,22701.0,32616.0,46.34A,Commerce de gros de boissons alcoolisées,,,CH
BV Vins Sàrl,1052,Mont-sur-Lausanne,VD,28473.0,3789.0,32262.0,46.34A,Commerce de gros de boissons alcoolisées,,,CH
Chardonnens Boissons SA,1532,Fétigny,VD,25782.0,6379.0,32161.0,46.34A,Commerce de gros de boissons alcoolisées,,,CH
Crelier Importations Sàrl,2000,Neuchâtel,NE,23907.0,8016.0,31923.0,46.34A,Commerce de gros de boissons alcoolisées,,,CH
Chiodi Ascona SA,6612,Ascona,TI,21901.0,9867.0,31768.0,11.02A,Vinification (Production de vin),"Maison de tradition tessinoise (Ascona) active dans la production, la vinification et le commerce de ses propres cuvées.",,CH
Abbate & Calvi AG,8320,Fehraltorf,ZH,24850.0,6413.0,31263.0,46.34A,Commerce de gros de boissons alcoolisées,,,CH
La Bodeguilla Vinothek AG,8057,Zürich,ZH,18662.0,12192.0,30854.0,47.25A,Commerce de détail de boissons (Vins et spiritueux),,,CH
GAUCH Cave des Rochers AG,3186,Düdingen,FR,25496.0,5090.0,30586.0,46.34A,Commerce de gros de boissons alcoolisées,,,CH
Vinho GmbH,6221,Rickenbach LU,LU,9540.0,20405.0,29945.0,46.34A,Commerce de gros de boissons alcoolisées,,,CH
de CHAVIGNY Sàrl,1004,Lausanne,VD,25594.0,4160.0,29754.0,46.34A,Commerce de gros de boissons alcoolisées,,,CH
Cantina del Mulino AG,1700,Fribourg,FR,21353.0,8180.0,29533.0,46.34A,Commerce de gros de boissons alcoolisées,,,CH
vinos dominguez gmbh,9014,St. Gallen,SG,19764.0,9179.0,28943.0,46.34A,Commerce de gros de boissons alcoolisées,,,CH
Vini Cappelletti AG,3006,Bern,BE,23056.0,5485.0,28541.0,46.34A,Commerce de gros de boissons alcoolisées,,,CH
WINE AG,7504,Pontresina,GR,20492.0,7922.0,28414.0,46.34A,Commerce de gros de boissons alcoolisées,,,CH
Einkaufsgenossenschaft Biel,2503,Biel/Bienne,BE,26720.0,1625.0,28345.0,46.34A,Commerce de gros de boissons alcoolisées,,,CH
Magazine zum Globus AG,8001,Zürich,ZH,16937.0,11260.0,28197.0,47.11D,Commerce de détail de produits alimentaires en magasins non spécialisés,"Grand magasin haut de gamme. Les rayons ""★Globus Delicatessa"" représentent une part essentielle de l'activité commerciale en magasins.",Migros,CH
3ND SRL,8008,Zürich,ZH,23750.0,4047.0,27797.0,47.91A,Commerce de détail par correspondance ou par Internet,,,CH
Romanin Weine AG,9000,St. Gallen,SG,18024.0,9757.0,27781.0,46.34A,Commerce de gros de boissons alcoolisées,,,CH
The Nuance Group AG,8058,Zürich,ZH,19659.0,8072.0,27731.0,47.11D,Commerce de détail de produits alimentaires en magasins non spécialisés,"Acteur majeur des boutiques Duty Free dans les aéroports. Bien qu'ils vendent de grands volumes de vins, spiritueux et parfums, leur code reflète le commerce de détail généraliste en grands espaces.",Avolta,CH
ELFENHOF.ch GmbH,8645,Jona,SG,15597.0,12071.0,27668.0,47.91A,Commerce de détail par correspondance ou par Internet,,,CH
Vini Casa Gusto GmbH,4153,Reinach BL,BL,18468.0,8867.0,27335.0,46.34A,Commerce de gros de boissons alcoolisées,,,CH
CASA dos Santos Sàrl,1964,Conthey,VS,23119.0,4188.0,27307.0,46.34A,Commerce de gros de boissons alcoolisées,,,CH
VINELITE AG,6045,Meggen,LU,26142.0,943.0,27085.0,46.34A,Commerce de gros de boissons alcoolisées,,,CH
1870 Vins & Conseil Sàrl,1870,Monthey,VS,19318.0,7538.0,26856.0,46.34A,Commerce de gros de boissons alcoolisées,,,CH
Maestral AG,8953,Dietikon,ZH,11931.0,14851.0,26782.0,46.39A,Commerce de gros interentreprises de produits alimentaires,,,CH
Cava Rava GmbH,8645,Jona,SG,18885.0,7538.0,26423.0,47.25A,Commerce de détail de boissons (Vins et spiritueux),,,CH
Cave Blavignac S.A.,1373,Chavornay,VD,23473.0,2869.0,26342.0,46.34A,Commerce de gros de boissons alcoolisées,"Maison de tradition vaudoise (Chigny) active dans le négoce, la distribution de gros et l'approvisionnement des professionnels de la région.",,CH
Hervé Le Puy GmbH,8340,Hinwil,ZH,15708.0,10457.0,26165.0,46.34A,Commerce de gros de boissons alcoolisées,,,CH
Schmerling AG,8134,Adliswil,ZH,19263.0,6877.0,26140.0,46.34A,Commerce de gros de boissons alcoolisées,,,CH
Torevitis SA,1077,Servion,VD,21092.0,4815.0,25907.0,46.34A,Commerce de gros de boissons alcoolisées,,,CH
Bevanda AG,9487,Gamprin-Bendern,FL,12054.0,13650.0,25704.0,46.34A,Commerce de gros de boissons alcoolisées,,,LI
WeinExperience GmbH,8952,Schlieren,ZH,18859.0,6808.0,25667.0,47.25A,Commerce de détail de boissons (Vins et spiritueux),,,CH
Caporaso AG,5303,Würenlingen,AG,17586.0,8079.0,25665.0,46.34A,Commerce de gros de boissons alcoolisées,,,CH
Portugal Foods GmbH,8154,Oberglatt ZH,ZH,19544.0,5891.0,25435.0,46.39A,Commerce de gros interentreprises de produits alimentaires,,,CH
Novadelta Suisse Sàrl,1070,Puidoux,VD,20393.0,5039.0,25432.0,46.34A,Commerce de gros de boissons alcoolisées,,,CH
Chronos Wine Cellar SA,6900,Lugano,TI,19658.0,5467.0,25125.0,46.34A,Commerce de gros de boissons alcoolisées,,,CH
Weingut Fenouillet AG,6432,Rickenbach SZ,SZ,18820.0,6255.0,25075.0,46.34A,Commerce de gros de boissons alcoolisées,,,CH
Dovinasol AG,8004,Zürich,ZH,20528.0,4478.0,25006.0,46.34A,Commerce de gros de boissons alcoolisées,,,CH
DA MORENO SA,6929,Gravesano,TI,14473.0,10455.0,24928.0,46.39A,Commerce de gros interentreprises de produits alimentaires,,,CH
Liechtenstein Gruppe Holding AG,9490,Vaduz,FL,11059.0,13799.0,24858.0,70.10Z,Activités des sièges sociaux,,,LI
Axel Caubet Votre Sommelier,1205,Genève,GE,10599.0,14153.0,24752.0,47.91A,Commerce de détail par correspondance ou par Internet,,,CH
Grottoria Weine AG,8280,Kreuzlingen,TG,15222.0,9099.0,24321.0,46.34A,Commerce de gros de boissons alcoolisées,,,CH
M & W GmbH,4052,Basel,BS,12578.0,11497.0,24075.0,46.34A,Commerce de gros de boissons alcoolisées,,,CH
Uvarara SA,6964,Davesco-Soragno,TI,16784.0,7290.0,24074.0,46.34A,Commerce de gros de boissons alcoolisées,,,CH
Vinumworld GmbH,4052,Basel,BS,17495.0,6542.0,24037.0,46.34A,Commerce de gros de boissons alcoolisées,,,CH
Weinkellerei Gasser,8548,Ellikon a d Thur,ZH,0.0,24000.0,24000.0,46.34A,Commerce de gros de boissons alcoolisées,,,CH
CAPOMONDO SA,1206,Genève,GE,17247.0,6747.0,23994.0,46.34A,Commerce de gros de boissons alcoolisées,,,CH
BIBARIUM SA,1293,Bellevue,GE,0.0,23982.0,23982.0,46.34A,Commerce de gros de boissons alcoolisées,,,CH
Ristorfoods Switzerland SA,6592,Sant'Antonino,TI,13676.0,10301.0,23977.0,46.39A,Commerce de gros interentreprises de produits alimentaires,,,CH
PY Wine Trading Sàrl,1752,Villars-sur-Glâne,FR,16368.0,7502.0,23870.0,46.34A,Commerce de gros de boissons alcoolisées,,,CH
Power Force AG,5103,Möriken AG,AG,17362.0,6482.0,23844.0,78.20Z,Activités des agences de travail temporaire,"Agence de services RH, de promotion sur le lieu de vente et d'animations commerciales (souvent pour les marques de boissons).",,CH
Hugi Weine AG,2545,Selzach,BE,21373.0,2378.0,23751.0,47.25A,Commerce de détail de boissons (Vins et spiritueux),,,CH
Cavé Camhis,8600,Dübendorf,ZH,15882.0,7727.0,23609.0,46.34A,Commerce de gros de boissons alcoolisées,,,CH
Lobenbergs GUTE WEINE GmbH,4153,Reinach BL,BL,14410.0,8557.0,22967.0,47.91A,Commerce de détail par correspondance ou par Internet,,,CH
Distriqual SA,1228,Plan-les-Ouates,GE,19622.0,3245.0,22867.0,46.34A,Commerce de gros de boissons alcoolisées,,,CH
Grape & Grain AG,5600,Lenzburg,AG,17382.0,5344.0,22726.0,46.34A,Commerce de gros de boissons alcoolisées,,,CH
Schlosskellerei von Gaisberg GmbH,8200,Schaffhausen,SH,13200.0,9490.0,22690.0,46.34A,Commerce de gros de boissons alcoolisées,,,CH
Paul Blume Wein,8005,Zürich,ZH,6522.0,15958.0,22480.0,46.34A,Commerce de gros de boissons alcoolisées,,,CH
SCALA VINI - SCALA GUSTI AG,3706,Leissigen,BE,15548.0,6859.0,22407.0,46.34A,Commerce de gros de boissons alcoolisées,,,CH
GRANCHATEAUX SA,1093,La Conversion,VD,18528.0,3798.0,22326.0,46.34A,Commerce de gros de boissons alcoolisées,,,CH
Kaufmann,4112,Bättwil-Flüh,SO,17734.0,4589.0,22323.0,46.34A,Commerce de gros de boissons alcoolisées,,,CH
BAC GmbH,1568,Portalban,VD,17139.0,4480.0,21619.0,46.34A,Commerce de gros de boissons alcoolisées,,,CH
Villa Contea SA,4153,Reinach BL,BL,17712.0,3775.0,21487.0,46.34A,Commerce de gros de boissons alcoolisées,,,CH
Theo's Weine GmbH,8952,Schlieren,ZH,9492.0,11962.0,21454.0,47.25A,Commerce de détail de boissons (Vins et spiritueux),,,CH
more than wine SA,2000,Neuchâtel,NE,9270.0,11734.0,21004.0,46.34A,Commerce de gros de boissons alcoolisées,,,CH
NordWine Inh. Fernandes Peixoto,8620,Wetzikon ZH,ZH,15910.0,4660.0,20570.0,46.34A,Commerce de gros de boissons alcoolisées,,,CH
Ruli-Vins SA,4123,Allschwil,BL,9099.0,11405.0,20504.0,46.34A,Commerce de gros de boissons alcoolisées,,,CH
Rivera Wine & Gourmet AG,4106,Therwil,BL,12523.0,7943.0,20466.0,46.39A,Commerce de gros interentreprises de produits alimentaires,,,CH
Italsapori Import N. & G. Gallo,6284,Gelfingen,LU,14002.0,6309.0,20311.0,46.39A,Commerce de gros interentreprises de produits alimentaires,,,CH
Enoteca Capponi Sàrl,1007,Lausanne,VD,15970.0,4300.0,20270.0,47.25A,Commerce de détail de boissons (Vins et spiritueux),,,CH
Carte des Vins SA,1125,Monnaz,VD,10924.0,9302.0,20226.0,46.34A,Commerce de gros de boissons alcoolisées,,,CH
vino-naturale.ch Dario Bischofberger,8005,Zürich,ZH,10313.0,9907.0,20220.0,47.91A,Commerce de détail par correspondance ou par Internet,,,CH
Brissoni Vini Sagl,6653,Verscio,TI,9437.0,10757.0,20194.0,46.34A,Commerce de gros de boissons alcoolisées,,,CH
TOZE - CLARA FERNANDES ANTONIO,1222,Vésenaz,GE,15934.0,4140.0,20074.0,46.34A,Commerce de gros de boissons alcoolisées,,,CH
NEGRO Import AG,8953,Dietikon,ZH,17781.0,2040.0,19821.0,46.34A,Commerce de gros de boissons alcoolisées,,,CH
tanninogallo GmbH,9000,St. Gallen,SG,7539.0,11775.0,19314.0,47.25A,Commerce de détail de boissons (Vins et spiritueux),,,CH
Sàrl Caroline Frey,1091,Grandvaux,VD,12919.0,6394.0,19313.0,70.10Z,Activités des sièges sociaux,,,CH
Fläschehals Martin Hartmann AG,5070,Frick,AG,14409.0,4796.0,19205.0,46.34A,Commerce de gros de boissons alcoolisées,,,CH
FOOD AND BEVERAGE CARE SUISSE SA,6830,Chiasso,TI,10749.0,8392.0,19141.0,46.39A,Commerce de gros interentreprises de produits alimentaires,,,CH
niceshops GmbH Feldbach/AT,8002,Zürich,ZH,388.0,18473.0,18861.0,47.91A,Commerce de détail par correspondance ou par Internet,,,CH
P. Triacca e Co.,7748,Campascio,GR,15562.0,3200.0,18762.0,46.34A,Commerce de gros de boissons alcoolisées,,Triacca,CH
Lucullus SA,6370,Stans,NW,17955.0,675.0,18630.0,46.34A,Commerce de gros de boissons alcoolisées,,,CH
Genossenschaft Migros Zürich,8005,Zürich,ZH,9783.0,8696.0,18479.0,47.11D,Commerce de détail de produits alimentaires en magasins non spécialisés,,Migros,CH
Wine Cellars International SA,6921,Vico Morcote,TI,10627.0,7794.0,18421.0,46.34A,Commerce de gros de boissons alcoolisées,,,CH
EsseQuadro Sagl,6900,Lugano,TI,13834.0,4556.0,18390.0,46.34A,Commerce de gros de boissons alcoolisées,,,CH
Preli AG,6362,Stansstad,NW,14642.0,3740.0,18382.0,46.34A,Commerce de gros de boissons alcoolisées,,,CH
Gomende AG,6932,Breganzona,TI,8854.0,9519.0,18373.0,46.34A,Commerce de gros de boissons alcoolisées,,,CH
Wine in Black GmbH Berlin (DE),9016,St. Gallen,SG,13956.0,4359.0,18315.0,47.91A,Commerce de détail par correspondance ou par Internet,,,CH
Corti Fratelli SA,6828,Balerna,TI,14019.0,4248.0,18267.0,46.34A,Commerce de gros de boissons alcoolisées,,,CH
Urs Schumacher Weine AG,6025,Neudorf,LU,15018.0,3197.0,18215.0,46.34A,Commerce de gros de boissons alcoolisées,,,CH
Trallala GmbH,3007,Bern,BE,7510.0,10654.0,18164.0,47.25A,Commerce de détail de boissons (Vins et spiritueux),,,CH
Les Vins d'Auteurs SA,9014,St. Gallen,SG,11876.0,6263.0,18139.0,46.34A,Commerce de gros de boissons alcoolisées,,,CH
Wein & Vinos GmbH Berlin,8002,Zürich,ZH,11464.0,6630.0,18094.0,47.91A,Commerce de détail par correspondance ou par Internet,,,CH
Macswiss Import GmbH,9545,Wängi,TG,7890.0,10082.0,17972.0,46.34A,Commerce de gros de boissons alcoolisées,,,CH
L'Epicerie de Châteauvieux Sàrl,1242,Satigny,GE,10631.0,7327.0,17958.0,47.11D,Commerce de détail de produits alimentaires en magasins non spécialisés,,,CH
FineImp GmbH,9500,Wil SG,SG,9808.0,7867.0,17675.0,46.34A,Commerce de gros de boissons alcoolisées,,,CH
Euro Peixe Sàrl,1030,Bussigny,VD,14123.0,3441.0,17564.0,46.38A,"Commerce de gros de poissons, crustacés et mollusques","Grossiste majeur de produits de la mer et spécialités portugaises. Bien qu'ils importent du vin, leur cœur de métier reste le poisson frais/surgelé.",,CH
Terre Diverse AG,9500,Wil SG,SG,12070.0,5479.0,17549.0,46.34A,Commerce de gros de boissons alcoolisées,,,CH
Tredicipercento GmbH,3011,Bern,BE,8815.0,8505.0,17320.0,47.25A,Commerce de détail de boissons (Vins et spiritueux),,,CH
VILACLARA JR & CO SA,1212,Grand-Lancy,GE,15171.0,2124.0,17295.0,46.34A,Commerce de gros de boissons alcoolisées,,,CH
Vino Diverso Weinhandlung GmbH,9000,St. Gallen,SG,10486.0,6776.0,17262.0,47.25A,Commerce de détail de boissons (Vins et spiritueux),,,CH
Botte di Vino GmbH,9053,Teufen AR,AR,9050.0,8179.0,17229.0,46.34A,Commerce de gros de boissons alcoolisées,,,CH
Tanner FeinWeinSein,8203,Schaffhausen,SH,9759.0,7461.0,17220.0,47.25A,Commerce de détail de boissons (Vins et spiritueux),,,CH
Wyhus Ryf AG,3123,Belp,BE,15305.0,1809.0,17114.0,47.25A,Commerce de détail de boissons (Vins et spiritueux),,,CH
Al Grappolo AG,4500,Solothurn,SO,9971.0,7143.0,17114.0,46.34A,Commerce de gros de boissons alcoolisées,,,CH
FirstSelection GmbH,6052,Hergiswil NW,NW,14560.0,2538.0,17098.0,46.34A,Commerce de gros de boissons alcoolisées,,,CH
Le Millésime Siegenthaler Frères SA,1800,Vevey,VD,13746.0,3341.0,17087.0,46.34A,Commerce de gros de boissons alcoolisées,,,CH
Weinfels GmbH,8355,Aadorf,TG,14522.0,2543.0,17065.0,46.34A,Commerce de gros de boissons alcoolisées,,,CH
ProKeSo GmbH,9230,Flawil,SG,4100.0,12963.0,17063.0,46.34A,Commerce de gros de boissons alcoolisées,,,CH
Semadeni Food & Beverage AG,7603,Vicosoprano,GR,11392.0,5601.0,16993.0,46.39A,Commerce de gros interentreprises de produits alimentaires,,,CH
Monafaro GmbH,8123,Ebmatingen,ZH,10890.0,6063.0,16953.0,46.34A,Commerce de gros de boissons alcoolisées,,,CH
Walhalladrink AG,8754,Netstal,GL,10389.0,6459.0,16848.0,46.34A,Commerce de gros de boissons alcoolisées,,,CH
Noption GmbH,6232,Geuensee,LU,0.0,16762.0,16762.0,46.34A,Commerce de gros de boissons alcoolisées,,,CH
Altha-Vin SA,1224,Chêne-Bougeries,GE,11009.0,5579.0,16588.0,46.34A,Commerce de gros de boissons alcoolisées,,,CH
il grappolo vini AG,1786,Sugiez,FR,10701.0,5868.0,16569.0,46.34A,Commerce de gros de boissons alcoolisées,,,CH
SMYRLIADIS SA,1610,Oron-la-Ville,VD,9166.0,7283.0,16449.0,46.39A,Commerce de gros interentreprises de produits alimentaires,,,CH
FABBRONI VINI SAGL,6815,Melide,TI,7497.0,8894.0,16391.0,46.34A,Commerce de gros de boissons alcoolisées,,,CH
BLUE POINT DISTRIBUTION SARL,1095,Lutry,VD,14182.0,1976.0,16158.0,46.34A,Commerce de gros de boissons alcoolisées,,,CH
Carton Rouge SA,1305,Penthalaz,VD,10906.0,5172.0,16078.0,46.34A,Commerce de gros de boissons alcoolisées,,,CH
Segmüller Collection Trade GmbH,8001,Zürich,ZH,10988.0,5065.0,16053.0,46.34A,Commerce de gros de boissons alcoolisées,,,CH
Vinothek im Park AG,6440,Brunnen,SZ,14162.0,1801.0,15963.0,47.25A,Commerce de détail de boissons (Vins et spiritueux),,,CH
Weinhaus Kirchberg GmbH,3422,Kirchberg,BE,11232.0,4556.0,15788.0,47.25A,Commerce de détail de boissons (Vins et spiritueux),,,CH
Cantina RATTI GmbH,7505,Celerina/Schlarigna,GR,11191.0,4568.0,15759.0,46.34A,Commerce de gros de boissons alcoolisées,,,CH
Vinoversum A. Gatti AG,8413,Neftenbach,ZH,10897.0,4734.0,15631.0,46.34A,Commerce de gros de boissons alcoolisées,,,CH
Albert Reichmuth AG,8004,Zürich,ZH,10431.0,5122.0,15553.0,47.25A,Commerce de détail de boissons (Vins et spiritueux),"Institution zurichoise (""La Maison du Vin"") possédant une vinothèque physique majeure destinée aux amateurs et particuliers.",,CH
Bianco Rosso e Rosa SAGL,6934,Bioggio,TI,11658.0,3877.0,15535.0,46.34A,Commerce de gros de boissons alcoolisées,,,CH
TERRA VERDE Bio-Gourmet AG,8049,Zürich,ZH,7290.0,8195.0,15485.0,46.39A,Commerce de gros interentreprises de produits alimentaires,,,CH
Châteaux & Conseils SA,1204,Genève,GE,13311.0,2168.0,15479.0,46.34A,Commerce de gros de boissons alcoolisées,,,CH
LS Travel Retail International SA,1215,Genève,GE,13312.0,2091.0,15403.0,47.11D,Commerce de détail de produits alimentaires en magasins non spécialisés,,,CH
Schindelholz SA Vins & Champagnes,4143,Dornach,BL,11471.0,3923.0,15394.0,46.34A,Commerce de gros de boissons alcoolisées,,,CH
Vinhos de Portugal (VdP) Schweiz GmbH,7000,Chur,GR,10582.0,4803.0,15385.0,46.34A,Commerce de gros de boissons alcoolisées,,,CH
Kreis Suisse S.A.,4852,Rothrist,AG,10479.0,4779.0,15258.0,46.34A,Commerce de gros de boissons alcoolisées,,,CH
Oceano Events Import GmbH,8952,Schlieren,ZH,9316.0,5868.0,15184.0,46.34A,Commerce de gros de boissons alcoolisées,,,CH
Unicovino SA,8700,Küsnacht ZH,ZH,8844.0,6225.0,15069.0,46.34A,Commerce de gros de boissons alcoolisées,,,CH
WeinWerft GmbH,8142,Uitikon Waldegg,ZH,6772.0,8177.0,14949.0,46.34A,Commerce de gros de boissons alcoolisées,,,CH
Deux Frères GmbH,8152,Glattbrugg,ZH,14922.0,0.0,14922.0,46.34A,Commerce de gros de boissons alcoolisées,,,CH
Padula SA,1023,Crissier,VD,8729.0,6162.0,14891.0,46.34A,Commerce de gros de boissons alcoolisées,,,CH
Balance Trade AG,5616,Meisterschwanden,AG,9198.0,5580.0,14778.0,46.34A,Commerce de gros de boissons alcoolisées,,,CH
Ciao Mondo AG,6340,Baar,ZG,9267.0,5463.0,14730.0,46.34A,Commerce de gros de boissons alcoolisées,,,CH
ViniNostri AG Felsenkeller.SH,8200,Schaffhausen,SH,11150.0,3563.0,14713.0,47.25A,Commerce de détail de boissons (Vins et spiritueux),,,CH
XtraWine Swiss Sagl,6830,Chiasso,TI,14199.0,448.0,14647.0,47.91A,Commerce de détail par correspondance ou par Internet,,,CH
Restaurant Le Joran Sàrl,2000,Neuchâtel,NE,12153.0,2461.0,14614.0,56.10A,"Restaurants, cafés et salons de thé","Établissement de restauration (Yvonand, VD). Le vin y est servi à table, mais son code relève de la restauration.",,CH
SferaGroup SA,1964,Conthey,VS,10676.0,3857.0,14533.0,46.34A,Commerce de gros de boissons alcoolisées,,,CH
Gourmet Gonzàlez GmbH,6015,Luzern,LU,9629.0,4889.0,14518.0,46.39A,Commerce de gros interentreprises de produits alimentaires,,,CH
Greek Gourmet AG,8048,Zürich,ZH,6271.0,8021.0,14292.0,46.39A,Commerce de gros interentreprises de produits alimentaires,,,CH
La cave des Poètes par Yann Arzuffi,1205,Genève,GE,9658.0,4590.0,14248.0,47.25A,Commerce de détail de boissons (Vins et spiritueux),,,CH
Cave Fin Bec SA,1962,Pont-de-la-Morge,VS,5070.0,9164.0,14234.0,11.02A,Vinification (Production de vin),"Maison de tradition valaisanne (Sion) gérant ses propres infrastructures de pressurage, de vinification et d'élevage de crus.",,CH
Stefan Hofer Weine/Spirituosen AG,8032,Zürich,ZH,11858.0,2376.0,14234.0,46.34A,Commerce de gros de boissons alcoolisées,,,CH
LATELTIN AG,8405,Winterthur,ZH,5089.0,9143.0,14232.0,11.01A,Distillation d'alcools,"Acteur industriel majeur (Winterthour) spécialisé dans la production, la distillation, l'assemblage et l'embouteillage de spiritueux et apéritifs.",,CH
Mayer Weinimport AG,5615,Fahrwangen,AG,14194.0,1.0,14195.0,46.34A,Commerce de gros de boissons alcoolisées,,,CH
Agemo S.A.,1509,Vucherens,VD,14165.0,0.0,14165.0,46.34A,Commerce de gros de boissons alcoolisées,,,CH
SALVI'S Italienische Weine AG,4153,Reinach BL,BL,10687.0,3239.0,13926.0,46.34A,Commerce de gros de boissons alcoolisées,,,CH
EMA Solutions SA,2710,Tavannes,BE,11210.0,2682.0,13892.0,46.34A,Commerce de gros de boissons alcoolisées,,,CH
Chiesa et Cie SA,2610,St-Imier,BE,10632.0,3251.0,13883.0,46.34A,Commerce de gros de boissons alcoolisées,,,CH
Haus Oesterreich Weinimport GmbH,6003,Luzern,LU,8927.0,4909.0,13836.0,46.34A,Commerce de gros de boissons alcoolisées,,,CH
Sarnelli Alfonso / Vino e Arte Import,9200,Gossau SG,SG,9843.0,3954.0,13797.0,46.34A,Commerce de gros de boissons alcoolisées,,,CH
WINE DISTRICT 42 SA,1242,Satigny,GE,7904.0,5801.0,13705.0,46.34A,Commerce de gros de boissons alcoolisées,,,CH
GANTEC Sàrl,1231,Conches,GE,13476.0,0.0,13476.0,46.34A,Commerce de gros de boissons alcoolisées,,,CH
Tavolago AG,6005,Luzern,LU,9810.0,3420.0,13230.0,56.10A,"Restaurants, cafés et salons de thé","Filiale de la compagnie de navigation du lac des Quatre-Cantons (SGV), gérant la restauration des bateaux et plusieurs restaurants.",,CH
Valmi SA,2900,Porrentruy,JU,10349.0,2748.0,13097.0,46.34A,Commerce de gros de boissons alcoolisées,,,CH
davinum GmbH,8304,Wallisellen,ZH,13071.0,0.0,13071.0,46.34A,Commerce de gros de boissons alcoolisées,,,CH
ViniWine Sàrl,1212,Grand-Lancy,GE,10939.0,2116.0,13055.0,46.34A,Commerce de gros de boissons alcoolisées,,,CH
Amarela International,9492,Eschen,FL,7944.0,4992.0,12936.0,46.34A,Commerce de gros de boissons alcoolisées,,,LI
Vranken Pommery Suisse SA,1003,Lausanne,VD,11457.0,1277.0,12734.0,46.34A,Commerce de gros de boissons alcoolisées,,,CH
Pro - Idee Catalog GmbH Aachen (D),9000,St. Gallen,SG,8519.0,4129.0,12648.0,47.91A,Commerce de détail par correspondance ou par Internet,,,CH
AJS IMPORT Sàrl,1207,Genève,GE,4493.0,7997.0,12490.0,46.34A,Commerce de gros de boissons alcoolisées,,,CH
Mercato Mediterraneo GmbH,8309,Nürensdorf,ZH,9490.0,2861.0,12351.0,46.34A,Commerce de gros de boissons alcoolisées,,,CH
Gamma Catering AG,6331,Hünenberg See,ZG,6324.0,6026.0,12350.0,56.21Z,Services des traiteurs,,,CH
Travino AG,4533,Riedholz,SO,7581.0,4743.0,12324.0,46.34A,Commerce de gros de boissons alcoolisées,,,CH
MTV Sagl,6900,Lugano,TI,9098.0,3204.0,12302.0,46.34A,Commerce de gros de boissons alcoolisées,,,CH
Marvida GmbH,4058,Basel,BS,8952.0,3337.0,12289.0,46.34A,Commerce de gros de boissons alcoolisées,,,CH
Multi-Mercantil SA,6855,Stabio,TI,5535.0,6715.0,12250.0,46.39A,Commerce de gros interentreprises de produits alimentaires,,,CH
TODA Suisse GmbH,6330,Cham,ZG,12150.0,0.0,12150.0,46.34A,Commerce de gros de boissons alcoolisées,,,CH
Casa de Vinos Argentinos Martin Rauh AG,3014,Bern,BE,9618.0,2511.0,12129.0,46.34A,Commerce de gros de boissons alcoolisées,,,CH
Enoteca Italia GmbH,3600,Thun,BE,7704.0,4341.0,12045.0,46.34A,Commerce de gros de boissons alcoolisées,,,CH
Weinhandel Geiselbrecht AG,3280,Murten,FR,9393.0,2615.0,12008.0,46.34A,Commerce de gros de boissons alcoolisées,,,CH
S.A.M.E. Société anonyme de,1260,Nyon,VD,7300.0,4383.0,11683.0,46.34A,Commerce de gros de boissons alcoolisées,,,CH
Cinque Sensi GmbH,8173,Neerach,ZH,10746.0,936.0,11682.0,46.34A,Commerce de gros de boissons alcoolisées,,,CH
MERCATO Sàrl,1207,Genève,GE,9192.0,2489.0,11681.0,46.39A,Commerce de gros interentreprises de produits alimentaires,,,CH
Carmona Jesus,1004,Lausanne,VD,8747.0,2745.0,11492.0,46.34A,Commerce de gros de boissons alcoolisées,,,CH
Hahn-Rickli AG,4144,Arlesheim,BL,5936.0,5435.0,11371.0,46.34A,Commerce de gros de boissons alcoolisées,,,CH
Welschen Group AG,3920,Zermatt,VS,8750.0,2480.0,11230.0,56.10A,"Restaurants, cafés et salons de thé",,,CH
Varela & Orvina AG,8952,Schlieren,ZH,10097.0,1018.0,11115.0,46.34A,Commerce de gros de boissons alcoolisées,,,CH
Made in Sud GmbH,6003,Luzern,LU,8886.0,2160.0,11046.0,46.39A,Commerce de gros interentreprises de produits alimentaires,,,CH
Mü's Vinothek AG,8910,Affoltern am Albis,ZH,7679.0,3323.0,11002.0,47.25A,Commerce de détail de boissons (Vins et spiritueux),,,CH
Wein Feer,4142,Münchenstein,BL,6165.0,4799.0,10964.0,47.25A,Commerce de détail de boissons (Vins et spiritueux),,,CH
Vinolio Trade SA,6415,Arth,SZ,7755.0,3170.0,10925.0,46.39A,Commerce de gros interentreprises de produits alimentaires,,,CH
In Vino Sitis SA,6932,Breganzona,TI,4098.0,6704.0,10802.0,46.34A,Commerce de gros de boissons alcoolisées,,,CH
Twentywine International SA,1205,Genève,GE,7770.0,3031.0,10801.0,46.34A,Commerce de gros de boissons alcoolisées,,,CH
Buess,4450,Sissach,BL,9315.0,1419.0,10734.0,46.34A,Commerce de gros de boissons alcoolisées,,,CH
VINI TOSCANI S.à r.l.,1166,Perroy,VD,8565.0,2125.0,10690.0,46.34A,Commerce de gros de boissons alcoolisées,,,CH
Nouvel Horizon Distribution Sàrl,2300,La Chaux-de-Fonds,NE,3068.0,7606.0,10674.0,46.34A,Commerce de gros de boissons alcoolisées,,,CH
Stutzer & Co AG,8050,Zürich,ZH,8918.0,1503.0,10421.0,46.39A,Commerce de gros interentreprises de produits alimentaires,,,CH
Cavetta AG,8808,Pfäffikon SZ,SZ,6486.0,3787.0,10273.0,46.34A,Commerce de gros de boissons alcoolisées,,,CH
Cèdre-Maurice AG,8002,Zürich,ZH,6998.0,3231.0,10229.0,46.34A,Commerce de gros de boissons alcoolisées,,,CH
La Couleur du Vin S.A.,1762,Givisiez,FR,7293.0,2931.0,10224.0,47.25A,Commerce de détail de boissons (Vins et spiritueux),,,CH
Fine Spirits GmbH,8038,Zürich,ZH,6519.0,3683.0,10202.0,46.34A,Commerce de gros de boissons alcoolisées,,,CH
U1 GmbH,3011,Bern,BE,6229.0,3921.0,10150.0,46.34A,Commerce de gros de boissons alcoolisées,,,CH
WineCo Nguyen Christophe,2900,Porrentruy,JU,7721.0,2355.0,10076.0,46.34A,Commerce de gros de boissons alcoolisées,,,CH
myvinodeal. Inh. Martinovic,8953,Dietikon,ZH,5157.0,4775.0,9932.0,47.91A,Commerce de détail par correspondance ou par Internet,,,CH
Globalpesca SA,6900,Lugano,TI,5436.0,4412.0,9848.0,46.38A,"Commerce de gros de poissons, crustacés et mollusques",,,CH
Les Amis du Château Sàrl,1206,Genève,GE,4395.0,5447.0,9842.0,46.34A,Commerce de gros de boissons alcoolisées,,,CH
Bloch-Erlanger AG,8862,Schübelbach,SZ,8407.0,1413.0,9820.0,46.39A,Commerce de gros interentreprises de produits alimentaires,,,CH
L'Arcobaleno del Vino Sagl,6864,Arzo,TI,4182.0,5598.0,9780.0,46.34A,Commerce de gros de boissons alcoolisées,,,CH
Right to hear foundation,6430,Schwyz,SZ,5025.0,4725.0,9750.0,88.99B,Autres organisations d'action sociale n.c.a.,"Fondation d'utilité publique. Si elle vend du vin lors d'événements de charité, son statut légal reste celui d'une ONG d'action sociale.",,CH
Château d'Agel Suisse Sàrl,9053,Teufen AR,AR,8088.0,1618.0,9706.0,46.34A,Commerce de gros de boissons alcoolisées,,,CH
MI TIERRA AG,8640,Rapperswil SG,SG,7991.0,1670.0,9661.0,46.39A,Commerce de gros interentreprises de produits alimentaires,,,CH
HG Weindepot AG,9014,St. Gallen,SG,3579.0,6039.0,9618.0,46.34A,Commerce de gros de boissons alcoolisées,,,CH
Kollmann Weinimport,8047,Zürich,ZH,6006.0,3533.0,9539.0,46.34A,Commerce de gros de boissons alcoolisées,,,CH
NapaImport GmbH,8002,Zürich,ZH,7159.0,2348.0,9507.0,46.34A,Commerce de gros de boissons alcoolisées,,,CH
Déménagements-Mudanças Dos Santos Sàrl,1252,Meinier,GE,6589.0,2879.0,9468.0,49.42A,Services de déménagement,"Entreprise spécialisée dans les déménagements et le transport routier (notamment entre la Suisse et le Portugal). Si elle transporte des caisses de vin pour ses clients, son code relève uniquement de la logistique de déménagement.",,CH
Teo Costa CH Sagl,6612,Ascona,TI,5524.0,3899.0,9423.0,46.34A,Commerce de gros de boissons alcoolisées,,,CH
Die GenussArt GmbH,6204,Sempach,LU,5852.0,3523.0,9375.0,46.39A,Commerce de gros interentreprises de produits alimentaires,,,CH
Les Vins de Prestige Sagl,6900,Massagno,TI,8528.0,776.0,9304.0,46.34A,Commerce de gros de boissons alcoolisées,,,CH
Dr. Spengler & Partner AG,8953,Dietikon,ZH,6166.0,3074.0,9240.0,70.10Z,Activités des sièges sociaux,"Cabinet zurichois de conseil, de gestion de fortune et de holding familiale. Bien que lié à des investissements ou des conseils dans le domaine agricole/viticole, son code dépend du management.",,CH
Vinamici GmbH,5012,Schönenwerd,SO,6963.0,2268.0,9231.0,46.34A,Commerce de gros de boissons alcoolisées,,,CH
Fine Wine Fellows AG,8962,Bergdietikon,ZH,4907.0,4318.0,9225.0,46.34A,Commerce de gros de boissons alcoolisées,,,CH
Savardi Vini Tipici GmbH,8706,Meilen,ZH,6992.0,2214.0,9206.0,46.34A,Commerce de gros de boissons alcoolisées,,,CH
CARDEIRA Inh. Erika Suter Meier,8704,Herrliberg,ZH,6840.0,2340.0,9180.0,46.34A,Commerce de gros de boissons alcoolisées,,,CH
Stutzer Service AG,8951,Fahrweid,ZH,6561.0,2618.0,9179.0,46.34A,Commerce de gros de boissons alcoolisées,,,CH
B. Mainente GmbH,7504,Pontresina,GR,6090.0,2993.0,9083.0,46.34A,Commerce de gros de boissons alcoolisées,,,CH
wineconsult. GmbH,8280,Kreuzlingen,TG,5041.0,3992.0,9033.0,46.34A,Commerce de gros de boissons alcoolisées,,,CH
Spirit of Wine SA,6943,Vezia,TI,3891.0,5131.0,9022.0,46.34A,Commerce de gros de boissons alcoolisées,,,CH
Cultweine SA Fine Jewellery & Wines,8001,Zürich,ZH,5194.0,3819.0,9013.0,46.34A,Commerce de gros de boissons alcoolisées,,,CH
Pur Suisse Alps AG,7500,St. Moritz,GR,4754.0,4219.0,8973.0,46.39A,Commerce de gros interentreprises de produits alimentaires,,,CH
KANTOS GmbH,8153,Rümlang,ZH,4433.0,4526.0,8959.0,46.39A,Commerce de gros interentreprises de produits alimentaires,,,CH
Jean Solis Vins et Eaux-de-Vie,1009,Pully,VD,4929.0,3881.0,8810.0,46.34A,Commerce de gros de boissons alcoolisées,,,CH
LA CAVE VEVEY-MONTREUX société,1820,Montreux,VD,8802.0,0.0,8802.0,11.02A,Vinification (Production de vin),"Coopérative viticole majeure de la Riviera (Montreux, VD) qui gère la récolte, le pressurage, la vinification et l'élevage des cépages de la région.",,CH
GastroSud GmbH,3052,Zollikofen,BE,6204.0,2540.0,8744.0,46.34A,Commerce de gros de boissons alcoolisées,,,CH
Avinum GmbH,9500,Wil SG,SG,5587.0,2957.0,8544.0,46.34A,Commerce de gros de boissons alcoolisées,,,CH
Ibervinos sa,8952,Schlieren,ZH,7177.0,1343.0,8520.0,46.34A,Commerce de gros de boissons alcoolisées,,,CH
Mago GmbH,4900,Langenthal,BE,1278.0,7125.0,8403.0,46.34A,Commerce de gros de boissons alcoolisées,,,CH
zioni GmbH,4051,Basel,BS,4997.0,3402.0,8399.0,46.34A,Commerce de gros de boissons alcoolisées,,,CH
American Wines Factory AG,6285,Hitzkirch,LU,6974.0,1418.0,8392.0,46.34A,Commerce de gros de boissons alcoolisées,,,CH
ALMEIDA WEINE GMBH,8006,Zürich,ZH,6318.0,2013.0,8331.0,46.34A,Commerce de gros de boissons alcoolisées,,,CH
Casa do Liz M. dos Santos Pereira,1580,Avenches,VD,4140.0,4132.0,8272.0,46.39A,Commerce de gros interentreprises de produits alimentaires,,,CH
Peter Kuhn Weine Preise wie ab Hof,8157,Dielsdorf,ZH,3870.0,4399.0,8269.0,47.25A,Commerce de détail de boissons (Vins et spiritueux),,,CH
Tokar Sàrl,1205,Genève,GE,4198.0,4007.0,8205.0,46.34A,Commerce de gros de boissons alcoolisées,,,CH
KTG Suisse SA,1205,Genève,GE,6181.0,1984.0,8165.0,46.39A,Commerce de gros interentreprises de produits alimentaires,,,CH
SWIT Company SA,1204,Genève,GE,5836.0,2273.0,8109.0,46.34A,Commerce de gros de boissons alcoolisées,,,CH
Tony's Vino SA,8902,Urdorf,ZH,4682.0,3393.0,8075.0,46.34A,Commerce de gros de boissons alcoolisées,,,CH
MUVINO GmbH,4056,Basel,BS,6255.0,1764.0,8019.0,47.91A,Commerce de détail par correspondance ou par Internet,,,CH
Montalegre Import Sàrl,1007,Lausanne,VD,5016.0,3003.0,8019.0,46.34A,Commerce de gros de boissons alcoolisées,,,CH
Les Trois Bouchons Sàrl,1245,Collonge-Bellerive,GE,4032.0,3953.0,7985.0,46.34A,Commerce de gros de boissons alcoolisées,,,CH
Amici di Bacco Sagl,6600,Locarno,TI,5080.0,2875.0,7955.0,46.34A,Commerce de gros de boissons alcoolisées,,,CH
Droz A. Fils,1211,Genève,GE,7592.0,266.0,7858.0,46.34A,Commerce de gros de boissons alcoolisées,,,CH
Excellar Sàrl,1205,Genève,GE,2276.0,5464.0,7740.0,46.34A,Commerce de gros de boissons alcoolisées,,,CH
LAVINIA (SUISSE) SA,1201,Genève,GE,6063.0,1673.0,7736.0,47.25A,Commerce de détail de boissons (Vins et spiritueux),,,CH
EUGÈNE ESTABLISHMENT,9486,Schaanwald,FL,6641.0,938.0,7579.0,46.34A,Commerce de gros de boissons alcoolisées,,,LI
VinNatur Suisse Sagl,6716,Acquarossa,TI,3276.0,4290.0,7566.0,46.34A,Commerce de gros de boissons alcoolisées,,,CH
Wein Selection ARG AG,6382,Büren NW,NW,7435.0,113.0,7548.0,46.34A,Commerce de gros de boissons alcoolisées,,,CH
Nemtanu MOLDOWEIN,4056,Basel,BS,5556.0,1977.0,7533.0,46.34A,Commerce de gros de boissons alcoolisées,,,CH
Veritable Switzerland GmbH,4225,Brislach,SO,6379.0,1129.0,7508.0,46.34A,Commerce de gros de boissons alcoolisées,,,CH
Irene Huwyler Weine GmbH,6430,Schwyz,SZ,5412.0,2093.0,7505.0,47.25A,Commerce de détail de boissons (Vins et spiritueux),,,CH
Grass Bavrandas GmbH,7530,Zernez,GR,4318.0,3165.0,7483.0,46.34A,Commerce de gros de boissons alcoolisées,,,CH
Vini e Amici Sàrl,1632,Riaz,FR,6179.0,1286.0,7465.0,46.34A,Commerce de gros de boissons alcoolisées,,,CH
Gourmet & Gourmand Sàrl,1020,Renens VD,VD,6192.0,1188.0,7380.0,46.39A,Commerce de gros interentreprises de produits alimentaires,,,CH
weinkultur bern gmbh,3007,Bern,BE,810.0,6533.0,7343.0,47.25A,Commerce de détail de boissons (Vins et spiritueux),,,CH
Vinottimo GmbH,5436,Würenlos,AG,5328.0,2000.0,7328.0,46.34A,Commerce de gros de boissons alcoolisées,,,CH
Bottega del Vino Lischwabrü AG,8598,Bottighofen,TG,5215.0,2075.0,7290.0,47.25A,Commerce de détail de boissons (Vins et spiritueux),,,CH
Schächle AG,9485,Nendeln,FL,2780.0,4476.0,7256.0,46.34A,Commerce de gros de boissons alcoolisées,,,LI
Ti-Gros Servizi Sagl,6592,Sant'Antonino,TI,4111.0,3120.0,7231.0,46.34A,Commerce de gros de boissons alcoolisées,,,CH
Wystube Vinothek GmbH,6210,Sursee,LU,4253.0,2957.0,7210.0,47.25A,Commerce de détail de boissons (Vins et spiritueux),,,CH
Wein & Sein Ueli Schmidt,8400,Winterthur,ZH,4631.0,2579.0,7210.0,47.25A,Commerce de détail de boissons (Vins et spiritueux),,,CH
CiboVinum - Import SARL,1217,Meyrin,GE,4379.0,2823.0,7202.0,46.39A,Commerce de gros interentreprises de produits alimentaires,,,CH
MAGNIN VINS & SPIRITUEUX SA,1096,Cully,VD,6723.0,437.0,7160.0,46.34A,Commerce de gros de boissons alcoolisées,,,CH
Evovino AG,8752,Näfels,GL,4036.0,2993.0,7029.0,46.34A,Commerce de gros de boissons alcoolisées,,,CH
Vendanges Vins & Spiritueux JM Sàrl,1004,Lausanne,VD,4651.0,2289.0,6940.0,46.34A,Commerce de gros de boissons alcoolisées,,,CH
Vini Fontana GmbH,6318,Walchwil,ZG,4599.0,2331.0,6930.0,46.34A,Commerce de gros de boissons alcoolisées,,,CH
da Sabatino,4460,Gelterkinden,BL,5580.0,1346.0,6926.0,46.39A,Commerce de gros interentreprises de produits alimentaires,,,CH
World Taste GmbH,3920,Zermatt,VS,5040.0,1852.0,6892.0,46.34A,Commerce de gros de boissons alcoolisées,,,CH
Weinimport Buchs + da Silva Ferreira,3792,Saanen,BE,5525.0,1355.0,6880.0,46.34A,Commerce de gros de boissons alcoolisées,,,CH
Duroc Weinimport GmbH,4613,Rickenbach SO,SO,5381.0,1404.0,6785.0,46.34A,Commerce de gros de boissons alcoolisées,,,CH
Casa VinDuero - Birkenmaier & Co.,8702,Zollikon,ZH,6773.0,0.0,6773.0,46.34A,Commerce de gros de boissons alcoolisées,,,CH
Vinothek Hauser,6003,Luzern,LU,3446.0,3239.0,6685.0,47.25A,Commerce de détail de boissons (Vins et spiritueux),,,CH
Mais Perto Sàrl,1400,Yverdon-les-Bains,VD,5111.0,1566.0,6677.0,46.39A,Commerce de gros interentreprises de produits alimentaires,,,CH
Donati Vini AG,4052,Basel,BS,3936.0,2731.0,6667.0,46.34A,Commerce de gros de boissons alcoolisées,,,CH
WeinHaus Eidmatt GmbH,8032,Zürich,ZH,3875.0,2765.0,6640.0,47.25A,Commerce de détail de boissons (Vins et spiritueux),,,CH
Geschenkidee.ch GmbH,8004,Zürich,ZH,2590.0,4034.0,6624.0,47.91A,Commerce de détail par correspondance ou par Internet,"Plateforme leader de la vente en ligne de cadeaux en Suisse, distribuant des coffrets de vins/spiritueux.",,CH
VidiVinum GmbH,8606,Nänikon,ZH,5599.0,1008.0,6607.0,46.34A,Commerce de gros de boissons alcoolisées,,,CH
Niederhäusern Getränke AG Zofingen,4800,Zofingen,AG,3429.0,3154.0,6583.0,46.34A,Commerce de gros de boissons alcoolisées,,,CH
F I Cantina del Vino GmbH,4533,Riedholz,SO,3043.0,3527.0,6570.0,46.34A,Commerce de gros de boissons alcoolisées,,,CH
Taberna Gastro-Kultur AG,3005,Bern,BE,1179.0,5358.0,6537.0,56.10A,"Restaurants, cafés et salons de thé",,,CH
Vins de la Bastide SA,8803,Rüschlikon,ZH,4013.0,2512.0,6525.0,46.34A,Commerce de gros de boissons alcoolisées,,,CH
Vini e Sensi Pace Vincenzo Mauro,1030,Bussigny,VD,5357.0,1142.0,6499.0,46.34A,Commerce de gros de boissons alcoolisées,,,CH
Solorca.ch GmbH,8902,Urdorf,ZH,6486.0,0.0,6486.0,46.34A,Commerce de gros de boissons alcoolisées,,,CH
"Melanie Gebhart ""GEBHART'S provinum""",9488,Schellenberg,FL,2354.0,4075.0,6429.0,46.34A,Commerce de gros de boissons alcoolisées,,,LI
Samy Vins Sàrl,1053,Cugy VD,VD,6260.0,167.0,6427.0,46.34A,Commerce de gros de boissons alcoolisées,,,CH
Alvino SA,6410,Goldau,SZ,2549.0,3848.0,6397.0,46.34A,Commerce de gros de boissons alcoolisées,,,CH
Selection Widmer,6274,Eschenbach LU,LU,4200.0,2128.0,6328.0,46.34A,Commerce de gros de boissons alcoolisées,,,CH
GVS Schachenmann AG,8207,Schaffhausen,SH,5166.0,1140.0,6306.0,46.61A,Commerce de gros de matériel agricole,"Important fournisseur technique. Bien que lié à l'univers viticole par la vente de machines et fournitures de cave, son code dépend du machinisme agricole.",,CH
SET AG,6015,Luzern,LU,4221.0,2034.0,6255.0,46.34A,Commerce de gros de boissons alcoolisées,,,CH
Wine & Roses titulaire Da Silva,1227,Carouge,GE,5411.0,795.0,6206.0,47.25A,Commerce de détail de boissons (Vins et spiritueux),,,CH
DalbiGroup SA,6900,Massagno,TI,3375.0,2790.0,6165.0,46.39A,Commerce de gros interentreprises de produits alimentaires,,,CH
Wassermann&Company AG,4052,Basel,BS,0.0,6092.0,6092.0,56.21Z,Services des traiteurs,,,CH
DiGiovanna SA,6572,Quartino,TI,4490.0,1575.0,6065.0,46.34A,Commerce de gros de boissons alcoolisées,,,CH
Procava AG,5737,Menziken,AG,4922.0,1087.0,6009.0,46.34A,Commerce de gros de boissons alcoolisées,,,CH
I HAVE A DRINK Sàrl,1233,Bernex,GE,3757.0,2248.0,6005.0,46.34A,Commerce de gros de boissons alcoolisées,,,CH
Mini Mercado Carneiro Dos Santos,8580,Amriswil,TG,4808.0,1179.0,5987.0,47.11D,Commerce de détail de produits alimentaires en magasins non spécialisés,,,CH
Neptune Wine Sàrl,1201,Genève,GE,3908.0,2058.0,5966.0,46.34A,Commerce de gros de boissons alcoolisées,,,CH
Cantina Collina d'Oro AG,3425,Koppigen,BE,5058.0,900.0,5958.0,46.34A,Commerce de gros de boissons alcoolisées,,,CH
Palü Vini GmbH,7504,Pontresina,GR,4776.0,1179.0,5955.0,46.34A,Commerce de gros de boissons alcoolisées,,,CH
Villanueva Import & Handel GmbH,8005,Zürich,ZH,3758.0,2196.0,5954.0,46.34A,Commerce de gros de boissons alcoolisées,,,CH
Produits du Douro Gonçalves Barreleiro,1724,Essert FR,FR,4464.0,1490.0,5954.0,46.34A,Commerce de gros de boissons alcoolisées,,,CH
PREMWINE GmbH,8872,Weesen,SG,3140.0,2790.0,5930.0,46.34A,Commerce de gros de boissons alcoolisées,,,CH
Brunner Weinimport GmbH,5014,Gretzenbach,SO,3713.0,2205.0,5918.0,46.34A,Commerce de gros de boissons alcoolisées,,,CH
Vini Eccetera J. Roth,8475,Ossingen,ZH,3164.0,2732.0,5896.0,46.34A,Commerce de gros de boissons alcoolisées,,,CH
La Grappe Sàrl,1630,Bulle,FR,5351.0,491.0,5842.0,46.34A,Commerce de gros de boissons alcoolisées,,,CH
DINOVINO Dino Wintsch,8634,Hombrechtikon,ZH,4807.0,999.0,5806.0,46.34A,Commerce de gros de boissons alcoolisées,,,CH
Tenuta AIONE Svizzera AG,3011,Bern,BE,5753.0,0.0,5753.0,46.34A,Commerce de gros de boissons alcoolisées,,,CH
GM products gmbh,8966,Oberwil-Lieli,ZH,3409.0,2326.0,5735.0,46.39A,Commerce de gros interentreprises de produits alimentaires,,,CH
Baghera Wines Cellars SA,1201,Genève,GE,4881.0,806.0,5687.0,46.34A,Commerce de gros de boissons alcoolisées,,,CH
Die Weinliste.ch GmbH,5042,Hirschthal,AG,4031.0,1640.0,5671.0,47.91A,Commerce de détail par correspondance ou par Internet,,,CH
L'ENOTECA PASQUON,8135,Langnau am Albis,ZH,4688.0,974.0,5662.0,47.25A,Commerce de détail de boissons (Vins et spiritueux),,,CH
TS Hungarovin GmbH,9620,Lichtensteig,SG,2859.0,2803.0,5662.0,46.34A,Commerce de gros de boissons alcoolisées,,,CH
Wermuth Weinkellerei AG,3600,Thun,BE,3550.0,2100.0,5650.0,46.34A,Commerce de gros de boissons alcoolisées,,,CH
Regli Weine GmbH,9016,St. Gallen,SG,4306.0,1299.0,5605.0,46.34A,Commerce de gros de boissons alcoolisées,,,CH
Uvicom SA,8810,Horgen,ZH,3556.0,2016.0,5572.0,46.34A,Commerce de gros de boissons alcoolisées,,,CH
Antunes Services SARL,1203,Genève,GE,2858.0,2700.0,5558.0,46.34A,Commerce de gros de boissons alcoolisées,,,CH
Fux Weine AG,3902,Glis,VS,4530.0,1022.0,5552.0,46.34A,Commerce de gros de boissons alcoolisées,,,CH
Plaisir Jéroboam Sàrl,1204,Genève,GE,4242.0,1306.0,5548.0,46.34A,Commerce de gros de boissons alcoolisées,,,CH
canons SNC,1007,Lausanne,VD,2300.0,3247.0,5547.0,47.25A,Commerce de détail de boissons (Vins et spiritueux),,,CH
LELIBAN.CH AZIZ JACQUES,1700,Fribourg,FR,4385.0,1140.0,5525.0,46.34A,Commerce de gros de boissons alcoolisées,,,CH
PINOT & FRIENDS GmbH,5612,Villmergen,AG,2457.0,3063.0,5520.0,46.34A,Commerce de gros de boissons alcoolisées,,,CH
Belbek SA,1204,Genève,GE,4652.0,828.0,5480.0,46.34A,Commerce de gros de boissons alcoolisées,,,CH
Hédonisme Sàrl,1306,Daillens,VD,4408.0,1041.0,5449.0,46.34A,Commerce de gros de boissons alcoolisées,,,CH
Les Capitelles Sàrl,3965,Chippis,VS,5436.0,0.0,5436.0,46.34A,Commerce de gros de boissons alcoolisées,,,CH
INF Organisation AG,8880,Walenstadt,SG,3539.0,1892.0,5431.0,58.29X,Édition de logiciels d'application,"Éditeur de solutions informatiques et organisateur d'événements professionnels. Si l'entreprise propose du vin ou gère des clubs de dégustation, son code principal reste lié à la tech.",,CH
BelVino AG,7513,Silvaplana,GR,4318.0,1105.0,5423.0,46.34A,Commerce de gros de boissons alcoolisées,,,CH
Pfyffer SA,3960,Sierre,VS,4809.0,590.0,5399.0,46.34A,Commerce de gros de boissons alcoolisées,,,CH
Vino e Sapori GmbH,8243,Altdorf SH,SH,4487.0,909.0,5396.0,46.39A,Commerce de gros interentreprises de produits alimentaires,,,CH
Bona aestimare AG,8842,Unteriberg,SZ,4604.0,746.0,5350.0,46.34A,Commerce de gros de boissons alcoolisées,,,CH
DeinDeal AG,8048,Zürich,ZH,5247.0,54.0,5301.0,47.91A,Commerce de détail par correspondance ou par Internet,"Plateforme suisse majeure de commerce électronique (e-commerce) proposant des ventes flash, incluant d'importants volumes de vins et spiritueux.",,CH
Kümin Gebr. AG,8807,Freienbach,SZ,3947.0,1350.0,5297.0,46.34A,Commerce de gros de boissons alcoolisées,,,CH
Weinhandlung Flisch Büttiker Sybille,3063,Ittigen,BE,4189.0,1080.0,5269.0,47.25A,Commerce de détail de boissons (Vins et spiritueux),,,CH
Carvalho de Sousa José Manuel,1700,Fribourg,FR,3001.0,2245.0,5246.0,46.34A,Commerce de gros de boissons alcoolisées,,,CH
Gabriele Bava Grandi Vini Sagl,6648,Minusio,TI,2907.0,2331.0,5238.0,46.34A,Commerce de gros de boissons alcoolisées,,,CH
AMBRA services SA,1774,Cousset,FR,2152.0,3070.0,5222.0,46.34A,Commerce de gros de boissons alcoolisées,,,CH
Deluigi Rüfenacht Import,3294,Büren an der Aare,BE,4412.0,790.0,5202.0,46.34A,Commerce de gros de boissons alcoolisées,,,CH
Sélection du Palais Sàrl,2000,Neuchâtel,NE,2871.0,2318.0,5189.0,46.34A,Commerce de gros de boissons alcoolisées,,,CH
Manuel Pfund Aromi Terziari,3073,Gümligen,BE,855.0,4316.0,5171.0,46.34A,Commerce de gros de boissons alcoolisées,,,CH
S. de Mendieta AG,8606,Nänikon-Greifensee,ZH,5160.0,0.0,5160.0,46.34A,Commerce de gros de boissons alcoolisées,,,CH
Weinhaus Zähringer GmbH,8038,Zürich,ZH,1310.0,3833.0,5143.0,47.25A,Commerce de détail de boissons (Vins et spiritueux),,,CH
Michelangelo Morelli AG,8952,Schlieren,ZH,1643.0,3491.0,5134.0,46.34A,Commerce de gros de boissons alcoolisées,,,CH
VI Factory Food Sàrl,3963,Crans-Montana,VS,3830.0,1274.0,5104.0,46.34A,Commerce de gros de boissons alcoolisées,,,CH
Walser Wein-Import,8166,Niederweningen,ZH,4017.0,1040.0,5057.0,46.34A,Commerce de gros de boissons alcoolisées,,,CH
Oepfelchammer GmbH,8001,Zürich,ZH,2346.0,2709.0,5055.0,56.10A,"Restaurants, cafés et salons de thé",,,CH
Terroirs et Millésimes Sàrl,1204,Genève,GE,825.0,4201.0,5026.0,46.34A,Commerce de gros de boissons alcoolisées,,,CH
Ombre d'Uva di Ivano Carniello,6964,Davesco-Soragno,TI,2883.0,2138.0,5021.0,46.34A,Commerce de gros de boissons alcoolisées,,,CH
Huberwein GmbH,8583,Götighofen,TG,5003.0,0.0,5003.0,46.34A,Commerce de gros de boissons alcoolisées,,,CH
Vinotrade AG,8966,Oberwil-Lieli,ZH,4274.0,709.0,4983.0,46.34A,Commerce de gros de boissons alcoolisées,,,CH
Nemed Facility GmbH,8032,Zürich,ZH,4455.0,506.0,4961.0,81.21Z,Nettoyage général courant des bâtiments,"Société de services de nettoyage, de conciergerie et de maintenance (facility management). Si elle est liée au secteur viticole, c'est uniquement pour l'entretien technique de caves ou de locaux.",,CH
Lidya Suisse Sàrl,1025,St-Sulpice VD,VD,3825.0,1134.0,4959.0,46.34A,Commerce de gros de boissons alcoolisées,,,CH
al vino lounge ag,8599,Salmsach,TG,2777.0,2178.0,4955.0,56.30A,Exploitation de bars,,,CH
Bignens Vins SA,1228,Plan-les-Ouates,GE,3114.0,1831.0,4945.0,47.25A,Commerce de détail de boissons (Vins et spiritueux),,,CH
Cides GmbH,8311,Brütten,ZH,4283.0,662.0,4945.0,46.34A,Commerce de gros de boissons alcoolisées,,,CH
Casa Tolone GmbH,6004,Luzern,LU,3733.0,1205.0,4938.0,56.10A,"Restaurants, cafés et salons de thé",,,CH
Arte Vino GmbH,9000,St. Gallen,SG,3467.0,1463.0,4930.0,46.34A,Commerce de gros de boissons alcoolisées,,,CH
Vintage Investments AG,6312,Steinhausen,ZG,2172.0,2757.0,4929.0,46.34A,Commerce de gros de boissons alcoolisées,,,CH
IWS International Wine and,1227,Carouge,GE,2934.0,1969.0,4903.0,46.34A,Commerce de gros de boissons alcoolisées,,,CH
Parrot & Lion Sàrl,1212,Grand-Lancy,GE,3400.0,1439.0,4839.0,46.34A,Commerce de gros de boissons alcoolisées,,,CH
DRINKVINS Da Rocha Meneses Julio,1203,Genève,GE,3121.0,1715.0,4836.0,46.34A,Commerce de gros de boissons alcoolisées,,,CH
Swiss International Air Lines AG,8302,Kloten,ZH,2732.0,2102.0,4834.0,51.10A,Transports aériens de passagers,"Compagnie aérienne nationale. Bien qu'elle soit l'une des plus grandes vitrines des vins suisses en cabine, son activité est le transport aérien.",,CH
Geohaus GmbH,8049,Zürich,ZH,3101.0,1710.0,4811.0,71.12A,Activités d'ingénierie,"Cabinet de géomètres, d'ingénierie et de mensuration officielle. Totalement en dehors de la filière des boissons.",,CH
paf.ch GmbH,4410,Liestal,BL,2879.0,1927.0,4806.0,47.91A,Commerce de détail par correspondance ou par Internet,,,CH
MyVino AG,3400,Burgdorf,BE,3377.0,1415.0,4792.0,46.34A,Commerce de gros de boissons alcoolisées,,,CH
Gräni Weine & Delikatessen GmbH,4057,Basel,BS,1778.0,2984.0,4762.0,46.39A,Commerce de gros interentreprises de produits alimentaires,,,CH
Supertoscano GmbH,8005,Zürich,ZH,4211.0,549.0,4760.0,46.34A,Commerce de gros de boissons alcoolisées,,,CH
Prime Drinks AG,5412,Gebenstorf,AG,4550.0,203.0,4753.0,46.34A,Commerce de gros de boissons alcoolisées,,,CH
grupo-agio sa,4051,Basel,BS,2717.0,1991.0,4708.0,46.34A,Commerce de gros de boissons alcoolisées,,,CH
Belfiore Import & Export GmbH,4144,Arlesheim,BL,3293.0,1397.0,4690.0,46.34A,Commerce de gros de boissons alcoolisées,,,CH
CANTINA SOCIALE MENDRISIO,6850,Mendrisio,TI,1358.0,3327.0,4685.0,11.02A,Vinification (Production de vin),,,CH
Casa Vinicola Misani,7743,Brusio,GR,3882.0,760.0,4642.0,46.34A,Commerce de gros de boissons alcoolisées,,,CH
Vino MaGia G. Bianco,3202,Frauenkappelen,BE,3528.0,1098.0,4626.0,46.34A,Commerce de gros de boissons alcoolisées,,,CH
Bieri Vins et Bulles,2740,Moutier,BE,3831.0,793.0,4624.0,47.25A,Commerce de détail de boissons (Vins et spiritueux),,,CH
mariVinos Maria Lauper,3250,Lyss,BE,3855.0,753.0,4608.0,46.34A,Commerce de gros de boissons alcoolisées,,,CH
Grand Cru Club AG,7500,St. Moritz,GR,2683.0,1920.0,4603.0,46.34A,Commerce de gros de boissons alcoolisées,,,CH
MM WINEMAKER SA,7500,St. Moritz,GR,4142.0,456.0,4598.0,46.34A,Commerce de gros de boissons alcoolisées,,,CH
Facchinetti Groupe SA,2000,Neuchâtel,NE,4595.0,0.0,4595.0,45.11A,Commerce de détails d'automobiles et de véhicules automobiles légers,"Groupe automobile d'envergure (concessions BMW, Mini, etc.) en Suisse romande. Si l'entité apparaît ici, son code principal reste lié à l'automobile.",,CH
La Commerciale Elvetica SA,6710,Biasca,TI,3038.0,1553.0,4591.0,46.34A,Commerce de gros de boissons alcoolisées,,,CH
Fersch 's Weine,8311,Brütten,ZH,3393.0,1193.0,4586.0,47.25A,Commerce de détail de boissons (Vins et spiritueux),,,CH
Mirakul Weine GmbH,8008,Zürich,ZH,1816.0,2721.0,4537.0,46.34A,Commerce de gros de boissons alcoolisées,,,CH
le vigneron famille schor & tradition,3013,Bern,BE,2984.0,1546.0,4530.0,11.02A,Vinification (Production de vin),"Domaine viticole familial traditionnel (Auvernier, NE) assurant la culture de la vigne, les vendanges, le pressurage et l'élevage des crus.",,CH
Vino Tinto (Suisse) Sàrl,1273,Arzier-Le Muids,VD,3271.0,1248.0,4519.0,46.34A,Commerce de gros de boissons alcoolisées,,,CH
Weinhandel Speranza GmbH,3800,Interlaken,BE,4097.0,405.0,4502.0,46.34A,Commerce de gros de boissons alcoolisées,,,CH
Marlin Reisen GmbH,8902,Urdorf,ZH,3696.0,803.0,4499.0,79.11A,Activités des agences de voyages,"Agence de voyages et organisation de circuits. Si elle propose des séjours œnotouristiques, son code relève uniquement du secteur du tourisme.",,CH
M Le Vin Mahé,1302,Vufflens-la-Ville,VD,3850.0,639.0,4489.0,47.25A,Commerce de détail de boissons (Vins et spiritueux),,,CH
Commerces valaisans de proximité SA,1907,Saxon,VS,4019.0,450.0,4469.0,47.11D,Commerce de détail de produits alimentaires en magasins non spécialisés,,,CH
ATT Vins shop,1653,La Tour-de-Trême,FR,3455.0,1013.0,4468.0,47.91A,Commerce de détail par correspondance ou par Internet,,,CH
Quatre Sous Weinhandlung GmbH,8055,Zürich,ZH,3528.0,936.0,4464.0,47.25A,Commerce de détail de boissons (Vins et spiritueux),,,CH
BEST WINES BY BLAZEK KAREL,6948,Porza,TI,2123.0,2330.0,4453.0,46.34A,Commerce de gros de boissons alcoolisées,,,CH
Traditionem Vinum Sàrl,1206,Genève,GE,3094.0,1359.0,4453.0,46.34A,Commerce de gros de boissons alcoolisées,,,CH
uncorkme-now! GmbH,6405,Immensee,SZ,3006.0,1430.0,4436.0,47.91A,Commerce de détail par correspondance ou par Internet,,,CH
Nobilvino GmbH,4056,Basel,BS,2330.0,2105.0,4435.0,46.34A,Commerce de gros de boissons alcoolisées,,,CH
LE BOUCHON International GmbH,3603,Thun,BE,2889.0,1538.0,4427.0,46.34A,Commerce de gros de boissons alcoolisées,,,CH
Dreams & Fantasy GmbH,8610,Uster,ZH,4419.0,0.0,4419.0,46.34A,Commerce de gros de boissons alcoolisées,,,CH
Le Chardon Bleu SARL,8702,Zollikon,ZH,3780.0,630.0,4410.0,46.39A,Commerce de gros interentreprises de produits alimentaires,,,CH
CantinAAlbrecht GmbH,6055,Alpnach Dorf,OW,3003.0,1403.0,4406.0,46.34A,Commerce de gros de boissons alcoolisées,,,CH
S&A Selection GmbH,8704,Herrliberg,ZH,3496.0,900.0,4396.0,46.34A,Commerce de gros de boissons alcoolisées,,,CH
Putzi's Weinresidenz AG,4305,Olsberg,BL,2852.0,1530.0,4382.0,46.34A,Commerce de gros de boissons alcoolisées,,,CH
La Cave à Jules S.A.,1260,Nyon,VD,3082.0,1292.0,4374.0,47.25A,Commerce de détail de boissons (Vins et spiritueux),,,CH
Gustoso AG,4629,Fulenbach,SO,2666.0,1702.0,4368.0,46.39A,Commerce de gros interentreprises de produits alimentaires,,,CH
Vino53 AG,8807,Freienbach,SZ,4100.0,230.0,4330.0,46.34A,Commerce de gros de boissons alcoolisées,,,CH
Gastro Team Abaz GmbH,8245,Feuerthalen,ZH,2820.0,1499.0,4319.0,46.34A,Commerce de gros de boissons alcoolisées,,,CH
Vinothek René Schmidli,5612,Villmergen,AG,3610.0,686.0,4296.0,47.25A,Commerce de détail de boissons (Vins et spiritueux),,,CH
Philippe Geinoz,2406,La Brévine,NE,4284.0,0.0,4284.0,46.34A,Commerce de gros de boissons alcoolisées,,,CH
One Concept CH Sàrl,1950,Sion,VS,2791.0,1484.0,4275.0,82.30A,Organisation de salons professionnels et de congrès,"Agence spécialisée dans l'événementiel, les salons et le design de stands. Si elle opère dans les foires aux vins, son code dépend des services d'exposition.",,CH
Mont-Le-Vieux SA,1180,Tartegnin,VD,3333.0,941.0,4274.0,11.02A,Vinification (Production de vin),"Domaine viticole historique majeur (Bougy-Villars, VD) assurant la culture des vignes, la récolte (vendanges), le pressurage et l'élevage des vins de la Côte.",,CH
Innolution-group GmbH,8800,Thalwil,ZH,3395.0,865.0,4260.0,70.22Z,Conseil pour les affaires et autres conseils de gestion,"Cabinet de conseil en innovation, gestion de projets et management. Ses incursions dans le domaine viticole relèvent du consulting stratégique.",,CH
ZARAH WINE SAGL,6900,Lugano,TI,2531.0,1687.0,4218.0,46.34A,Commerce de gros de boissons alcoolisées,,,CH
Wyhus Belp AG,3123,Belp,BE,2390.0,1823.0,4213.0,46.34A,Commerce de gros de boissons alcoolisées,,,CH
atelier Judith Gubitosa-Hunkeler,6208,Oberkirch LU,LU,3460.0,737.0,4197.0,74.10Z,Activités spécialisées de design,"Atelier de création, stylisme et design de mode/textile. Totalement en dehors de la filière classique des boissons.",,CH
LANGOSTERIA ST. MORITZ SA,7500,St. Moritz,GR,806.0,3378.0,4184.0,56.10A,"Restaurants, cafés et salons de thé",,,CH
Chiera Sagl,6900,Lugano,TI,3515.0,626.0,4141.0,46.34A,Commerce de gros de boissons alcoolisées,,,CH
Eurowines.ch Tony Verploegen,3052,Zollikofen,BE,3380.0,743.0,4123.0,47.91A,Commerce de détail par correspondance ou par Internet,,,CH
Vive le vin Philip Gallati GmbH,4057,Basel,BS,1942.0,2171.0,4113.0,46.34A,Commerce de gros de boissons alcoolisées,,,CH
Basta Sagl,6774,Dalpe,TI,3596.0,513.0,4109.0,46.34A,Commerce de gros de boissons alcoolisées,,,CH
Rosato & Partners Sàrl,1010,Lausanne,VD,3534.0,571.0,4105.0,46.34A,Commerce de gros de boissons alcoolisées,,,CH
Global Shopping Casher Daniel Ohayon,1207,Genève,GE,3409.0,691.0,4100.0,46.39A,Commerce de gros interentreprises de produits alimentaires,,,CH
QUILLES SARL,1204,Genève,GE,2137.0,1935.0,4072.0,47.25A,Commerce de détail de boissons (Vins et spiritueux),,,CH
VINEBRATION GmbH,8103,Unterengstringen,ZH,2478.0,1588.0,4066.0,46.34A,Commerce de gros de boissons alcoolisées,,,CH
GENTINETTA'S WEINE,3012,Bern,BE,3159.0,900.0,4059.0,46.34A,Commerce de gros de boissons alcoolisées,,,CH
Vini Milone GmbH,8574,Oberhofen TG,TG,3477.0,543.0,4020.0,46.34A,Commerce de gros de boissons alcoolisées,,,CH
Les Vignes Weinhandlung GmbH,8047,Zürich,ZH,1884.0,2135.0,4019.0,47.25A,Commerce de détail de boissons (Vins et spiritueux),,,CH
Crans-Montana Services Sàrl,3963,Aminona,VS,3429.0,578.0,4007.0,81.10Z,Activités combinées de soutien aux bâtiments,"Société de conciergerie, intendance et gestion de propriétés. Ses activités logistiques pour les caves ou chalets dépendent du facility management.",,CH
WINESHOPIT SAGL,6900,Lugano,TI,2819.0,1187.0,4006.0,47.91A,Commerce de détail par correspondance ou par Internet,,,CH
biodynamico AG,8187,Weiach,ZH,2896.0,1103.0,3999.0,46.34A,Commerce de gros de boissons alcoolisées,,,CH
Weinhandlung Bühler,8005,Zürich,ZH,2500.0,1498.0,3998.0,47.25A,Commerce de détail de boissons (Vins et spiritueux),,,CH
Les Cavistes Bauer Künzler AG,9000,St. Gallen,SG,1112.0,2878.0,3990.0,46.34A,Commerce de gros de boissons alcoolisées,,,CH
giardino del vino SA,8500,Frauenfeld,TG,2736.0,1238.0,3974.0,46.34A,Commerce de gros de boissons alcoolisées,,,CH
Weingut Riehen AG,4125,Riehen,BL,2730.0,1200.0,3930.0,11.02A,Vinification (Production de vin),"Domaine viticole d'envergure (Bâle-Campagne) assurant l'exploitation des parcelles, la récolte, le pressurage et l'élevage de ses propres cuvées.",,CH
Nouvin GmbH,3052,Zollikofen,BE,1122.0,2805.0,3927.0,46.34A,Commerce de gros de boissons alcoolisées,,,CH
VINSmotions GmbH,6208,Oberkirch LU,LU,2290.0,1636.0,3926.0,46.34A,Commerce de gros de boissons alcoolisées,,,CH
Martin Schrader,4056,Basel,BS,2174.0,1749.0,3923.0,46.34A,Commerce de gros de boissons alcoolisées,,,CH
Les Caves du Château Sàrl,2800,Delémont,JU,2372.0,1551.0,3923.0,46.34A,Commerce de gros de boissons alcoolisées,,,CH
La Tina Millésimes GmbH,8002,Zürich,ZH,3921.0,0.0,3921.0,46.34A,Commerce de gros de boissons alcoolisées,,,CH
Weine und Delikatessen Unterkalmsteiner,7460,Savognin,GR,2721.0,1197.0,3918.0,46.39A,Commerce de gros interentreprises de produits alimentaires,,,CH
Vinothek Raffaella,4460,Gelterkinden,BL,3060.0,855.0,3915.0,47.25A,Commerce de détail de boissons (Vins et spiritueux),,,CH
da Silva Vino-iberico,6010,Kriens,LU,2351.0,1557.0,3908.0,46.34A,Commerce de gros de boissons alcoolisées,,,CH
Macbirch SA,1936,Verbier,VS,1434.0,2461.0,3895.0,47.25A,Commerce de détail de boissons (Vins et spiritueux),,,CH
Oliver Obert Vin & Vinyl,6005,Luzern,LU,2532.0,1348.0,3880.0,47.25A,Commerce de détail de boissons (Vins et spiritueux),,,CH
Gourmet Brothers SA,1222,Vésenaz,GE,3524.0,331.0,3855.0,56.21Z,Services des traiteurs,,,CH
La CLOSERIE Patricia,1700,Fribourg,FR,3196.0,657.0,3853.0,47.25A,Commerce de détail de boissons (Vins et spiritueux),,,CH
WeinWerkstatt Willisch,8600,Dübendorf,ZH,1139.0,2709.0,3848.0,46.34A,Commerce de gros de boissons alcoolisées,,,CH
ProgWine GmbH,3322,Urtenen-Schönbühl,BE,2332.0,1504.0,3836.0,46.34A,Commerce de gros de boissons alcoolisées,,,CH
Aura Vinea AG,3427,Utzenstorf,BE,3656.0,172.0,3828.0,46.34A,Commerce de gros de boissons alcoolisées,,,CH
Broggi Media Sàrl,2605,Sonceboz-Sombeval,BE,2057.0,1767.0,3824.0,73.11Z,Activités des agences de publicité,"Agence de création de contenus, de communication visuelle et de médias. Totalement en dehors du secteur de la vente de bouteilles.",,CH
In Vino Veritas Sonia Stamerra,6048,Horw,LU,3254.0,563.0,3817.0,46.34A,Commerce de gros de boissons alcoolisées,,,CH
DIVINAL vins et spirituex comestibles,2087,Cornaux NE,NE,2461.0,1339.0,3800.0,46.34A,Commerce de gros de boissons alcoolisées,,,CH
La Côte des vins Laurent Royer,1180,Rolle,VD,2673.0,1124.0,3797.0,47.25A,Commerce de détail de boissons (Vins et spiritueux),,,CH
Fine Beverages Burkhard,6874,Castel San Pietro,TI,761.0,3036.0,3797.0,46.34A,Commerce de gros de boissons alcoolisées,,,CH
Interzegg AG,7563,Samnaun Dorf,GR,2935.0,857.0,3792.0,47.19A,Autres commerces de détail en magasin non spécialisé,"Acteur majeur basé à Samnaun (zone franche douanière). Gère des grands magasins duty-free proposant alcools, tabacs, parfums et produits de luxe.",,CH
AW Cantinella SA,1204,Genève,GE,2927.0,864.0,3791.0,46.34A,Commerce de gros de boissons alcoolisées,,,CH
AUX DELICES FRANCO-BELGES Frédéric ROYER,2300,La Chaux-de-Fonds,NE,2900.0,856.0,3756.0,47.24A,Commerce de détail de produits de boulangerie et de pâtisserie,"(Frédéric Royer, Meyrin) Boulangerie-pâtisserie artisanale et service traiteur. Si l'enseigne vend du champagne ou du vin de dessert, son cœur de métier reste la boulangerie.",,CH
M.S. Market Suisse SA,6830,Chiasso,TI,1974.0,1776.0,3750.0,46.34A,Commerce de gros de boissons alcoolisées,,,CH
Weine Simone Lanz AG,9015,St. Gallen,SG,1751.0,1978.0,3729.0,46.34A,Commerce de gros de boissons alcoolisées,,,CH
campavino Hubacher,8253,Diessenhofen,TG,3222.0,502.0,3724.0,47.91A,Commerce de détail par correspondance ou par Internet,,,CH
Hundertweinhaus GmbH,4702,Oensingen,SO,2887.0,828.0,3715.0,47.25A,Commerce de détail de boissons (Vins et spiritueux),,,CH
Weinstüberl + Weinverkauf Wyss,4500,Solothurn,SO,2437.0,1249.0,3686.0,47.25A,Commerce de détail de boissons (Vins et spiritueux),,,CH
Rot Handel + Coaching,8304,Wallisellen,ZH,2664.0,996.0,3660.0,70.22Z,Conseil pour les affaires et autres conseils de gestion,,,CH
HUANUCO RAMIREZ IMPORT DRINKS,1202,Genève,GE,2623.0,1026.0,3649.0,46.34A,Commerce de gros de boissons alcoolisées,,,CH
Inportugalia SA,1196,Gland,VD,3645.0,0.0,3645.0,46.39A,Commerce de gros interentreprises de produits alimentaires,,,CH
M.P Wine di Pedron Massimo,6557,Cama,GR,1715.0,1913.0,3628.0,46.34A,Commerce de gros de boissons alcoolisées,,,CH
ROIS Roland Oberholzer,8309,Nürensdorf,ZH,3267.0,360.0,3627.0,46.34A,Commerce de gros de boissons alcoolisées,,,CH
IVV - In Vino Veritas Sàrl,1204,Genève,GE,1414.0,2212.0,3626.0,46.34A,Commerce de gros de boissons alcoolisées,,,CH
Aschwanden Persi AG,6460,Altdorf UR,UR,2352.0,1274.0,3626.0,46.39A,Commerce de gros interentreprises de produits alimentaires,,,CH
VinCop Weingenossenschaft St. Gallen,9000,St. Gallen,SG,1895.0,1730.0,3625.0,11.02A,Vinification (Production de vin),"Coopérative viticole assurant la collecte des raisins, le pressurage, la vinification et la mise en bouteille pour les producteurs de Saint-Gall.",,CH
Uva-Eva Schiess,6330,Cham,ZG,1841.0,1774.0,3615.0,47.25A,Commerce de détail de boissons (Vins et spiritueux),,,CH
Binet Weine Olivier,4056,Basel,BS,3243.0,360.0,3603.0,46.34A,Commerce de gros de boissons alcoolisées,,,CH
B&S Wine Sàrl,1032,Romanel-sur-Lausanne,VD,3358.0,245.0,3603.0,46.34A,Commerce de gros de boissons alcoolisées,,,CH
Salogni & Co. Wines,6340,Baar,ZG,2636.0,966.0,3602.0,46.34A,Commerce de gros de boissons alcoolisées,,,CH
Hotel Bellavista Silvaplana AG,7513,Silvaplana-Surlej,GR,2381.0,1215.0,3596.0,55.10A,Hôtels et hébergement similaire,Établissement hôtelier de Grisons disposant d'un restaurant et d'une cave de dégustation. Son code principal dépend du secteur de l'hébergement.,,CH
Casa Poli GmbH,8344,Bäretswil,ZH,2592.0,1004.0,3596.0,46.34A,Commerce de gros de boissons alcoolisées,,,CH
Giorgio Misani AG,7500,St. Moritz,GR,2883.0,709.0,3592.0,46.34A,Commerce de gros de boissons alcoolisées,,,CH
The Special One - Mon Bureau Privé Sàrl,1227,Carouge,GE,2271.0,1301.0,3572.0,96.09Z,Autres services personnels n.c.a.,"Agence de conciergerie privée, d'intendance de luxe et de services sur mesure (Lifestyle management).",,CH
Shop 365 Schenk,8854,Siebnen,SZ,338.0,3227.0,3565.0,47.11D,Commerce de détail de produits alimentaires en magasins non spécialisés,,Schenk,CH
Mykonos GmbH,8600,Dübendorf,ZH,2228.0,1323.0,3551.0,46.39A,Commerce de gros interentreprises de produits alimentaires,,,CH
WSC di Alessandro Sauro,6808,Torricella,TI,3445.0,99.0,3544.0,46.34A,Commerce de gros de boissons alcoolisées,,,CH
Saveurs Gourmandes Sàrl,1203,Genève,GE,2663.0,878.0,3541.0,46.39A,Commerce de gros interentreprises de produits alimentaires,,,CH
alpineum café & bar GmbH,6006,Luzern,LU,2797.0,709.0,3506.0,56.30A,Exploitation de bars,Café-bar et lieu culturel urbain (Lucerne) centré sur le service de boissons à consommer sur place.,,CH
Breitschmid-Heiniger AG,6010,Kriens,LU,2889.0,612.0,3501.0,11.02A,Vinification (Production de vin),"Domaine viticole d'envergure (Meggen, LU) gérant des vignobles en Suisse et à l'étranger, réputé pour sa production en biodynamie.",,CH
GR-Vins S.A.,1008,Jouxtens-Mézery,VD,2896.0,599.0,3495.0,46.34A,Commerce de gros de boissons alcoolisées,,,CH
KLN SA,1205,Genève,GE,2742.0,751.0,3493.0,25.11Z,Fabrication de structures métalliques et de parties de structures,"Entreprise industrielle spécialisée dans la construction métallique, la serrurerie et les façades.",,CH
Josef Krug & Co,8408,Winterthur,ZH,3156.0,335.0,3491.0,46.34A,Commerce de gros de boissons alcoolisées,,,CH
DANLAG GmbH,5012,Schönenwerd,SO,1776.0,1710.0,3486.0,46.34A,Commerce de gros de boissons alcoolisées,,,CH
Gialdi Vini S.A.,6850,Mendrisio,TI,540.0,2943.0,3483.0,11.02A,Vinification (Production de vin),"Maison historique majeure du Tessin (Mendrisio). Elle assure l'encavage, la vinification (spécialiste du Merlot) et l'élevage dans ses célèbres caves creusées dans la roche.",,CH
Christos Chatziavramidis,8330,Pfäffikon ZH,ZH,2072.0,1407.0,3479.0,46.34A,Commerce de gros de boissons alcoolisées,,,CH
Colle Castagno GmbH,3005,Bern,BE,3083.0,366.0,3449.0,46.34A,Commerce de gros de boissons alcoolisées,,,CH
Vinothentic Sàrl,1267,Vich,VD,2174.0,1260.0,3434.0,46.34A,Commerce de gros de boissons alcoolisées,,,CH
Wein & Co AG,8610,Uster,ZH,2219.0,1215.0,3434.0,46.34A,Commerce de gros de boissons alcoolisées,,,CH
Cave Martin Sàrl,1926,Fully,VS,2858.0,563.0,3421.0,11.02A,Vinification (Production de vin),"Domaine viticole et encaveur (Leytron, VS) gérant l'entier du processus, de la culture des vignes à la mise en bouteille.",,CH
Cave Villa Violette SNC,2314,La Sagne NE,NE,3204.0,216.0,3420.0,11.02A,Vinification (Production de vin),Société en nom collectif exploitant un domaine viticole et assurant la vinification de sa propre production.,,CH
BALUCHON SNC,2882,St-Ursanne,JU,2078.0,1332.0,3410.0,47.25A,Commerce de détail de boissons (Vins et spiritueux),,,CH
Casa Portuguesa José Teixeira,9220,Bischofszell,TG,2930.0,473.0,3403.0,46.39A,Commerce de gros interentreprises de produits alimentaires,,,CH
WINE ATTRACTIONS GmbH,6405,Immensee,SZ,2178.0,1225.0,3403.0,46.34A,Commerce de gros de boissons alcoolisées,,,CH
Les Celliers du Chablais SA,1860,Aigle,VD,3402.0,0.0,3402.0,11.02A,Vinification (Production de vin),"Importante cave coopérative d'Aigle (VD). Elle vinifie, élève et commercialise la récolte des viticulteurs de la région du Chablais.",,CH
Zanovello Gizeta Wine,6982,Agno,TI,2286.0,1101.0,3387.0,46.34A,Commerce de gros de boissons alcoolisées,,,CH
Vintage Weine GmbH,4702,Oensingen,SO,3000.0,383.0,3383.0,46.34A,Commerce de gros de boissons alcoolisées,,,CH
Muriqi Brugg GmbH,5200,Brugg AG,AG,2688.0,693.0,3381.0,46.34A,Commerce de gros de boissons alcoolisées,,,CH
Nilovic Weine,3011,Bern,BE,2660.0,720.0,3380.0,46.34A,Commerce de gros de boissons alcoolisées,,,CH
LUSO Marché Sàrl,1196,Gland,VD,2405.0,968.0,3373.0,46.39A,Commerce de gros interentreprises de produits alimentaires,,,CH
FR Selection Francesco Riccio,8640,Rapperswil SG,SG,1526.0,1844.0,3370.0,46.34A,Commerce de gros de boissons alcoolisées,,,CH
Antunes Fino Americo,1202,Genève,GE,2788.0,576.0,3364.0,46.34A,Commerce de gros de boissons alcoolisées,,,CH
Ô Lumière Sàrl,1201,Genève,GE,2753.0,608.0,3361.0,56.10A,"Restaurants, cafés et salons de thé",,,CH
OPERA Wines GmbH,8840,Einsiedeln,SZ,2243.0,1100.0,3343.0,46.34A,Commerce de gros de boissons alcoolisées,,,CH
Gomes Weine AG,4002,Basel,BS,2293.0,1049.0,3342.0,46.34A,Commerce de gros de boissons alcoolisées,,,CH
VIN SANO GmbH,4153,Reinach BL,BL,2520.0,821.0,3341.0,46.34A,Commerce de gros de boissons alcoolisées,,,CH
Weindepot Südburgenland GmbH,9443,Widnau,SG,1627.0,1712.0,3339.0,46.34A,Commerce de gros de boissons alcoolisées,,,CH
Landgasthof Seelust,9322,Egnach,TG,2352.0,984.0,3336.0,55.10A,Hôtels et hébergement similaire,,,CH
Sabrina Beaud,1643,Gumefens,FR,1651.0,1681.0,3332.0,46.34A,Commerce de gros de boissons alcoolisées,,,CH
RS Vinos SNC,1237,Avully,GE,2768.0,555.0,3323.0,46.34A,Commerce de gros de boissons alcoolisées,,,CH
Almabros GmbH,8046,Zürich,ZH,2336.0,976.0,3312.0,46.39A,Commerce de gros interentreprises de produits alimentaires,,,CH
Austral Weine AG,8212,Neuhausen,SH,1890.0,1418.0,3308.0,46.34A,Commerce de gros de boissons alcoolisées,,,CH
Via Vitis GmbH,4132,Muttenz,BL,1865.0,1422.0,3287.0,46.34A,Commerce de gros de boissons alcoolisées,,,CH
VinYara GmbH,8108,Dällikon,ZH,2713.0,572.0,3285.0,46.34A,Commerce de gros de boissons alcoolisées,,,CH
The Winehouse - Kosmidou Elissavet,6260,Reiden,LU,1911.0,1369.0,3280.0,47.25A,Commerce de détail de boissons (Vins et spiritueux),,,CH
hrc retail concepts gmbh,8852,Altendorf,SZ,2458.0,812.0,3270.0,70.22Z,Conseil pour les affaires et autres conseils de gestion,,,CH
Gomes Mota Weinkeller,2503,Biel/Bienne,BE,2788.0,475.0,3263.0,47.25A,Commerce de détail de boissons (Vins et spiritueux),,,CH
Anthony Morris,1276,Gingins,VD,2628.0,630.0,3258.0,46.34A,Commerce de gros de boissons alcoolisées,,,CH
DOMAINE A VILLARS Frick,1172,Bougy-Villars,VD,3247.0,0.0,3247.0,11.02A,Vinification (Production de vin),"Domaine viticole familial (Bougy-Villars, VD) assurant la production, l'encavage et l'élevage des crus de la propriété.",,CH
OWI-TEC GmbH,4565,Recherswil,SO,1793.0,1454.0,3247.0,46.69B,Commerce de gros d'autres machines pour l'industrie et le commerce,"Fournisseur technique spécialisé dans les machines, pompes et équipements industriels pour les installations vinicoles et de traitement des liquides.",,CH
Oswald Getränke AG,7130,Ilanz,GR,1256.0,1991.0,3247.0,46.34A,Commerce de gros de boissons alcoolisées,,,CH
Wochenweine GmbH,4612,Wangen b. Olten,SO,2430.0,810.0,3240.0,47.91A,Commerce de détail par correspondance ou par Internet,,,CH
Kastas GmbH,6003,Luzern,LU,2897.0,338.0,3235.0,46.39A,Commerce de gros interentreprises de produits alimentaires,,,CH
Grossenbacher Weine GmbH,4900,Langenthal,BE,2109.0,1121.0,3230.0,46.34A,Commerce de gros de boissons alcoolisées,,,CH
PICCOLI FRUTTI,7748,Campascio,GR,3222.0,0.0,3222.0,46.31A,Commerce de gros de fruits et légumes,,,CH
espavino gmbh,7152,Sagogn,GR,2176.0,1036.0,3212.0,46.34A,Commerce de gros de boissons alcoolisées,,,CH
Duarte et Cie Sàrl,1201,Genève,GE,2844.0,347.0,3191.0,46.39A,Commerce de gros interentreprises de produits alimentaires,,,CH
Heres Wine GmbH,8008,Zürich,ZH,2390.0,797.0,3187.0,46.34A,Commerce de gros de boissons alcoolisées,,,CH
Caviar House Airport Premium,1215,Genève,GE,1287.0,1899.0,3186.0,56.10A,"Restaurants, cafés et salons de thé",,Avolta,CH
BASHA GmbH,4054,Basel,BS,1058.0,2127.0,3185.0,46.34A,Commerce de gros de boissons alcoolisées,,,CH
A.M. IMPORT Mastrogiovanni,6020,Emmenbrücke,LU,2712.0,473.0,3185.0,46.34A,Commerce de gros de boissons alcoolisées,,,CH
delfiore vini di Del Fiore Andrea,6932,Breganzona,TI,2129.0,1055.0,3184.0,46.34A,Commerce de gros de boissons alcoolisées,,,CH
HS MULTISERVICES Sàrl,1228,Plan-les-Ouates,GE,0.0,3173.0,3173.0,81.21Z,Nettoyage général courant des bâtiments,,,CH
Hollys Wilädeli Hollenstein,9053,Teufen AR,AR,700.0,2450.0,3150.0,47.25A,Commerce de détail de boissons (Vins et spiritueux),,,CH
Bleue-Verte SA,2740,Moutier,BE,1800.0,1350.0,3150.0,46.34A,Commerce de gros de boissons alcoolisées,,,CH
Ôcave Sàrl,1205,Genève,GE,2667.0,468.0,3135.0,47.25A,Commerce de détail de boissons (Vins et spiritueux),,,CH
RGVins Riat Raphaël,2950,Courgenay,JU,2659.0,473.0,3132.0,46.34A,Commerce de gros de boissons alcoolisées,,,CH
Grandjean Trading,3084,Wabern,BE,2652.0,462.0,3114.0,46.34A,Commerce de gros de boissons alcoolisées,,,CH
Gregor Schönau Weinhandel,4944,Auswil,BE,680.0,2408.0,3088.0,46.34A,Commerce de gros de boissons alcoolisées,,,CH
ROCK N BOLLA SAGL,6918,Figino,TI,1115.0,1964.0,3079.0,46.34A,Commerce de gros de boissons alcoolisées,,,CH
NONNA ITALIA di Alessio Esposito,6314,Unterägeri,ZG,1839.0,1209.0,3048.0,46.39A,Commerce de gros interentreprises de produits alimentaires,,,CH
Vin Franc Sàrl,1006,Lausanne,VD,2383.0,659.0,3042.0,46.34A,Commerce de gros de boissons alcoolisées,,,CH
ViniAmo n.a. Sagl,6817,Maroggia,TI,887.0,2138.0,3025.0,46.34A,Commerce de gros de boissons alcoolisées,,,CH
Le Pinardier Sàrl,2300,La Chaux-de-Fonds,NE,2190.0,833.0,3023.0,47.25A,Commerce de détail de boissons (Vins et spiritueux),,,CH
Creanet Sàrl,1162,St-Prex,VD,2520.0,492.0,3012.0,62.01Z,Programmation informatique,,,CH
Ciausoiu Vinothek,8055,Zürich,ZH,2088.0,924.0,3012.0,47.25A,Commerce de détail de boissons (Vins et spiritueux),,,CH
Wiichäller AG,8730,Uznach,SG,1591.0,1404.0,2995.0,47.25A,Commerce de détail de boissons (Vins et spiritueux),,,CH
Elie Gazzar S.A.,1024,Ecublens VD,VD,2710.0,271.0,2981.0,46.34A,Commerce de gros de boissons alcoolisées,,,CH
HOREC TPR Sàrl,1024,Ecublens VD,VD,2543.0,432.0,2975.0,46.34A,Commerce de gros de boissons alcoolisées,,,CH
vom Fass AG,9428,Walzenhausen,AR,2123.0,813.0,2936.0,47.25A,Commerce de détail de boissons (Vins et spiritueux),,,CH
Wyhuus am Rhy GmbH,4052,Basel,BS,924.0,2003.0,2927.0,47.25A,Commerce de détail de boissons (Vins et spiritueux),,,CH
Roandi Vinos GmbH,8716,Schmerikon,SG,2004.0,906.0,2910.0,46.34A,Commerce de gros de boissons alcoolisées,,,CH
Ibex Gin SA,1936,Verbier,VS,1944.0,965.0,2909.0,11.01A,Distillation d'alcools,Distillerie artisanale suisse (Grisons) fabriquant ses propres recettes de gins et spiritueux,,CH
LUMI-Wein GmbH,9306,Freidorf TG,TG,2765.0,135.0,2900.0,46.34A,Commerce de gros de boissons alcoolisées,,,CH
ViNIANi Franco Iani,2503,Biel/Bienne,BE,2184.0,716.0,2900.0,46.34A,Commerce de gros de boissons alcoolisées,,,CH
Epicurious brothers Sàrl,1207,Genève,GE,1661.0,1238.0,2899.0,46.39A,Commerce de gros interentreprises de produits alimentaires,,,CH
Molitor Weinhandel,4417,Ziefen,BL,260.0,2637.0,2897.0,46.34A,Commerce de gros de boissons alcoolisées,,,CH
Catessa Sagl,6915,Pambio-Noranco,TI,1364.0,1518.0,2882.0,46.34A,Commerce de gros de boissons alcoolisées,,,CH
Borges Mouralinho Barao Weine,4143,Dornach,BL,2858.0,23.0,2881.0,46.34A,Commerce de gros de boissons alcoolisées,,,CH
Martial Large,1820,Montreux,VD,0.0,2880.0,2880.0,46.34A,Commerce de gros de boissons alcoolisées,,,CH
Le Mat de Cocagne SARL,1228,Plan-les-Ouates,GE,704.0,2175.0,2879.0,46.34A,Commerce de gros de boissons alcoolisées,,,CH
Cave Girardet,1132,Lully VD,VD,2475.0,400.0,2875.0,11.02A,Vinification (Production de vin),"Domaine viticole et encaveur (Suisse romande) assurant le pressurage, l'élevage en cave et la mise en bouteille de sa récolte",,CH
Meier Getränke AG,9485,Nendeln,FL,621.0,2237.0,2858.0,46.34A,Commerce de gros de boissons alcoolisées,,,LI
Ralph Rutz,9300,Wittenbach,SG,2250.0,608.0,2858.0,46.34A,Commerce de gros de boissons alcoolisées,,,CH
Osiris Vins et Spiritueux SA,1023,Crissier,VD,1411.0,1442.0,2853.0,46.34A,Commerce de gros de boissons alcoolisées,,,CH
SOVEREIGN INVEST GmbH,6062,Wilen (Sarnen),OW,1869.0,980.0,2849.0,46.34A,Commerce de gros de boissons alcoolisées,,,CH
General Logistics Services AG,4053,Basel,BS,1797.0,1040.0,2837.0,52.29A,Affrètement et organisation des transports,,,CH
"Guido Lengen ""artebacco""",8114,Dänikon,ZH,2086.0,743.0,2829.0,46.34A,Commerce de gros de boissons alcoolisées,,,CH
TSF Strategy GmbH,5015,Erlinsbach SO,SO,669.0,2151.0,2820.0,70.22Z,Conseil pour les affaires et autres conseils de gestion,,,CH
Reichle Wein GmbH,4655,Stüsslingen,SO,1517.0,1301.0,2818.0,46.34A,Commerce de gros de boissons alcoolisées,,,CH
Kuoni Hiestand Weinhandlung,3122,Kehrsatz,BE,495.0,2320.0,2815.0,47.25A,Commerce de détail de boissons (Vins et spiritueux),,,CH
FirstWine AG,6052,Hergiswil NW,NW,2636.0,158.0,2794.0,47.91A,Commerce de détail par correspondance ou par Internet,,,CH
Mr. Presidente GmbH,8953,Dietikon,ZH,2781.0,0.0,2781.0,46.34A,Commerce de gros de boissons alcoolisées,,,CH
Landinvest AG,6302,Zug,ZG,1067.0,1710.0,2777.0,68.20B,Location d'autres biens immobiliers,,,CH
HL Le Mirador International SA,1801,Le Mont-Pèlerin,VD,2754.0,18.0,2772.0,55.10A,Hôtels et hébergement similaire,"Structure liée au complexe hôtelier de luxe Le Mirador (Mont-Pèlerin, VD), actif dans l'hôtellerie de prestige et le bien-être.",,CH
weinmärt.ch ag,8706,Meilen,ZH,1803.0,968.0,2771.0,47.91A,Commerce de détail par correspondance ou par Internet,,,CH
HSH Delivery SA,6900,Massagno,TI,1154.0,1616.0,2770.0,53.20A,Autres activités de poste et de courrie,,,CH
GinoSano SA,1212,Grand-Lancy,GE,1690.0,1074.0,2764.0,46.34A,Commerce de gros de boissons alcoolisées,,,CH
SB Vins et Dégustations Stéphane,1066,Epalinges,VD,1346.0,1413.0,2759.0,47.25A,Commerce de détail de boissons (Vins et spiritueux),,,CH
Gattoni Marzio Impresa Generale SA,6563,Mesocco,TI,1097.0,1662.0,2759.0,41.20A,Construction de bâtiments résidentiels et tertiaires,"Entreprise générale du bâtiment active dans la maçonnerie, la rénovation et le génie civil (Tessin).",,CH
Origin Global Distribution Inc.,1963,Vétroz,VS,2438.0,315.0,2753.0,46.34A,Commerce de gros de boissons alcoolisées,,,CH
Notariat Dr. Reto Erdin,5610,Wohlen AG,AG,2732.0,0.0,2732.0,69.10A,Activités juridiques,,,CH
Weyermann,3700,Spiez,BE,1702.0,1028.0,2730.0,46.34A,Commerce de gros de boissons alcoolisées,,,CH
Neumarkt Wein GmbH,8001,Zürich,ZH,1528.0,1202.0,2730.0,47.25A,Commerce de détail de boissons (Vins et spiritueux),,,CH
La Sella Sagl,7742,Poschiavo,GR,2725.0,0.0,2725.0,46.39A,Commerce de gros interentreprises de produits alimentaires,,,CH
VINS FINS LABELLA,1212,Grand-Lancy,GE,2020.0,693.0,2713.0,46.34A,Commerce de gros de boissons alcoolisées,,,CH
LANDI Chénens Société coopérative,1744,Chénens,FR,2642.0,69.0,2711.0,47.11D,Commerce de détail de produits alimentaires en magasins non spécialisés,,FENACO,CH
Vall'doAido GmbH,4625,Oberbuchsiten,SO,1801.0,905.0,2706.0,46.34A,Commerce de gros de boissons alcoolisées,,,CH
Copar Food & Beverages SA,6915,Pambio-Noranco,TI,2700.0,0.0,2700.0,46.39A,Commerce de gros interentreprises de produits alimentaires,,,CH
Flair Relocations GmbH,4153,Reinach BL,BL,450.0,2250.0,2700.0,74.90B,Autres activités professionnelles n.c.a.,,,CH
mettler vaterlaus gmbh,8006,Zürich,ZH,1259.0,1436.0,2695.0,70.21Z,Relations publiques et communication,"Agence conseil réputée, éditrice de revues spécialisées (comme Vinum) et organisatrice de grands concours viticoles (Grand Prix du Vin Suisse).",,CH
Eurovin GmbH,5070,Frick,AG,2465.0,227.0,2692.0,46.34A,Commerce de gros de boissons alcoolisées,,,CH
AR Bio vins Sàrl,2800,Delémont,JU,2105.0,581.0,2686.0,,,,,CH
EDI THE NOSE GmbH,8712,Stäfa,ZH,1701.0,981.0,2682.0,,,,,CH
Restaurant Traube Arno Sgier,4632,Trimbach,SO,725.0,1952.0,2677.0,,,,,CH
RAFEKO Holding AG,6010,Kriens,LU,0.0,2673.0,2673.0,,,,,CH
Amphora Wineries AG,8808,Pfäffikon SZ,SZ,2673.0,0.0,2673.0,,,,,CH
Starview GmbH,3006,Bern,BE,2214.0,450.0,2664.0,,,,,CH
gäse vins DELAQUIS,3014,Bern,BE,2421.0,243.0,2664.0,,,,,CH
Storni SA,6950,Tesserete,TI,1531.0,1121.0,2652.0,,,,,CH
PODERI SORI AG,8126,Zumikon,ZH,2250.0,396.0,2646.0,,,,,CH
Felicious Käse & Wein GmbH,6330,Cham,ZG,2642.0,0.0,2642.0,,,,,CH
Amelie Group AG,8852,Altendorf,SZ,2338.0,286.0,2624.0,,,,,CH
TANNINREICH GmbH,5400,Baden,AG,2286.0,332.0,2618.0,,,,,CH
Salwey GmbH,3098,Köniz,BE,1845.0,773.0,2618.0,,,,,CH
STIMOR SA,6922,Morcote,TI,1800.0,810.0,2610.0,,,,,CH
A. & M. Utzinger,8180,Bülach,ZH,1769.0,835.0,2604.0,,,,,CH
Mille Cose GmbH,8496,Steg im Tösstal,ZH,1879.0,716.0,2595.0,,,,,CH
CUBETA Sàrl,1218,Le Grand-Saconnex,GE,2171.0,423.0,2594.0,,,,,CH
L' Art du Vin Thomas Reichle,4655,Stüsslingen,SO,1931.0,653.0,2584.0,,,,,CH
CORE Wines GmbH,8102,Oberengstringen,ZH,1917.0,657.0,2574.0,,,,,CH
Sartal Solla Wein,3063,Ittigen,BE,1373.0,1193.0,2566.0,,,,,CH
TRIVIER Raide Zinc,1882,Gryon,VD,1546.0,1018.0,2564.0,,,,,CH
Nativa Wine GmbH,3008,Bern,BE,1394.0,1163.0,2557.0,,,,,CH
La Cave Gourmande Sàrl,1207,Genève,GE,1733.0,818.0,2551.0,,,,,CH
Elmiger Weine,6300,Zug,ZG,2238.0,306.0,2544.0,,,,,CH
Klose Import Export,3007,Bern,BE,1764.0,779.0,2543.0,,,,,CH
GAND SAGL,6992,Cimo,TI,1589.0,948.0,2537.0,,,,,CH
Q11 AG,6333,Hünenberg See,ZG,2445.0,86.0,2531.0,,,,,CH
ViniLux Sàrl,1204,Genève,GE,1948.0,582.0,2530.0,,,,,CH
Insieme AG,9496,Balzers,FL,1902.0,626.0,2528.0,,,,,LI
KATRÉPICES Sàrl,1204,Genève,GE,1396.0,1127.0,2523.0,,,,,CH
NOA Naturally Organic Agriculture GmbH,8572,Berg TG,TG,815.0,1708.0,2523.0,,,,,CH
Lorel Hardi Le Beuillon & Braguette,2300,La Chaux-de-Fonds,NE,2365.0,155.0,2520.0,,,,,CH
Les Crus d'Origine SA,1006,Lausanne,VD,1502.0,1014.0,2516.0,,,,,CH
Le Monde est à Vous Sàrl,1196,Gland,VD,2514.0,0.0,2514.0,,,,,CH
Vinarius GmbH,8404,Winterthur,ZH,2042.0,469.0,2511.0,,,,,CH
"Weine ""SamPietro"" Ammon Samuel",3629,Oppligen,BE,2322.0,189.0,2511.0,,,,,CH
GeorgeTheGreek Rizomarkos,4053,Basel,BS,825.0,1685.0,2510.0,,,,,CH
Pinc Consulting SA,6830,Chiasso,TI,1878.0,629.0,2507.0,,,,,CH
Corbeau AG,6005,Luzern,LU,2493.0,9.0,2502.0,,,,,CH
Alfredo Torres,1872,Troistorrents,VS,2308.0,189.0,2497.0,,,,,CH
Soul of Wines AG,6300,Zug,ZG,2494.0,0.0,2494.0,,,,,CH
Vinatero Candrian,7000,Chur,GR,1979.0,513.0,2492.0,,,,,CH
Western Cape Wines GmbH,8310,Kemptthal,ZH,1376.0,1116.0,2492.0,,,,,CH
International Hotel Investments Ltd.,1201,Genève,GE,1852.0,635.0,2487.0,,,,,CH
Il bianco e il nero GmbH,6014,Luzern,LU,1646.0,819.0,2465.0,,,,,CH
Frohsinngesellschaft Stans,6374,Buochs,NW,1445.0,1013.0,2458.0,,,,,CH
Paulus Weinhaus Molnar,8185,Winkel,ZH,1013.0,1444.0,2457.0,,,,,CH
ASSOCIATION DE LA BARONNIE SUISSE DES,1817,Brent,VD,1882.0,560.0,2442.0,,,,,CH
Vini Virgilio SA,1034,Boussens,VD,990.0,1431.0,2421.0,,,,,CH
Eleonis Weine Dailianis,8610,Uster,ZH,1395.0,1022.0,2417.0,,,,,CH
Paolo Basso Wine Sagl,6853,Ligornetto,TI,605.0,1805.0,2410.0,,,,,CH
Cantina Banzi GmbH,8053,Zürich,ZH,2133.0,270.0,2403.0,,,,,CH
Pascal Wine & Food Sàrl,1110,Morges,VD,1688.0,712.0,2400.0,,,,,CH
Passiovino GmbH,9500,Wil SG,SG,1762.0,627.0,2389.0,,,,,CH
Agostinis Weine,4054,Basel,BS,1107.0,1277.0,2384.0,,,,,CH
PUKSAR - VINS,1400,Yverdon-les-Bains,VD,2134.0,248.0,2382.0,,,,,CH
TIpack Group SA,6982,Agno,TI,1625.0,737.0,2362.0,,,,,CH
fh-Wein und Design Inh. Reto,8280,Kreuzlingen,TG,311.0,2042.0,2353.0,,,,,CH
Enoteca Per Te GmbH,3800,Interlaken,BE,1498.0,855.0,2353.0,,,,,CH
DIVINOS Vincenzo Di Rosa,6900,Lugano,TI,1940.0,409.0,2349.0,,,,,CH
NEGEV DESERT WEINSTEIN,1203,Genève,GE,2004.0,335.0,2339.0,,,,,CH
Intempérance Vins Sàrl,1206,Genève,GE,1647.0,675.0,2322.0,,,,,CH
Vinvilla Meier,4718,Holderbank SO,SO,2088.0,225.0,2313.0,,,,,CH
Limestone Consulting SA,1247,Anières,GE,2156.0,146.0,2302.0,,,,,CH
Klein aber Wein GmbH,4500,Solothurn,SO,2099.0,203.0,2302.0,,,,,CH
Yerewines GmbH,4057,Basel,BS,1584.0,716.0,2300.0,,,,,CH
AL Import SA,1228,Plan-les-Ouates,GE,1736.0,564.0,2300.0,,,,,CH
F et J Galloni SA,1907,Saxon,VS,2141.0,158.0,2299.0,,,,,CH
MAGLO AG,4144,Arlesheim,BL,1406.0,886.0,2292.0,,,,,CH
Grandeau Biovinum,4125,Riehen,BL,749.0,1541.0,2290.0,,,,,CH
PUROPIEMONTE GMBH,3186,Düdingen,FR,2143.0,144.0,2287.0,,,,,CH
STARGET Sagl,6900,Lugano,TI,1350.0,927.0,2277.0,,,,,CH
Vins Maior's Teixeira,1020,Renens VD,VD,2090.0,171.0,2261.0,,,,,CH
Vini Vari GmbH,5452,Oberrohrdorf,AG,1877.0,374.0,2251.0,,,,,CH
Gastrobetriebe Tirez GmbH,5620,Bremgarten AG,AG,1778.0,473.0,2251.0,,,,,CH
Marco António de Sousa Martins,2400,Le Locle,NE,450.0,1800.0,2250.0,,,,,CH
Pavin AG,8404,Winterthur,ZH,2250.0,0.0,2250.0,,,,,CH
Mandurino GmbH,8400,Winterthur,ZH,2250.0,0.0,2250.0,,,,,CH
U'CAVALIR. DI PETTA SAVERIO,8105,Regensdorf,ZH,1269.0,977.0,2246.0,,,,,CH
Don Berna Group Sàrl,1224,Chêne-Bougeries,GE,1798.0,448.0,2246.0,,,,,CH
BJB Trading GmbH,3186,Düdingen,FR,1597.0,642.0,2239.0,,,,,CH
Zürcher-Gehrig AG,6318,Walchwil,ZG,752.0,1485.0,2237.0,,,,,CH
Vinomondo GmbH,6044,Udligenswil,LU,1352.0,877.0,2229.0,,,,,CH
VITAN SAGL,6900,Lugano,TI,1463.0,756.0,2219.0,,,,,CH
C.P.I. SWITZERLAND LTD London,8055,Zürich,ZH,1862.0,351.0,2213.0,,,,,CH
Eudora Management & Consulting Sagl,6900,Lugano,TI,1254.0,954.0,2208.0,,,,,CH
Appezölle Wychischte GmbH,9050,Appenzell,AR,1530.0,675.0,2205.0,,,,,CH
Tradema AG,8280,Kreuzlingen,TG,1665.0,540.0,2205.0,,,,,CH
Mülhaupt & Cie SA,1032,Romanel-sur-Lausanne,VD,1980.0,225.0,2205.0,,,,,CH
IL MECENATE di Viano Aurora,6962,Viganello,TI,1488.0,713.0,2201.0,,,,,CH
Variis GmbH,8260,Stein am Rhein,SH,2036.0,162.0,2198.0,,,,,CH
X-Fund Global AG,6340,Baar,ZG,1712.0,486.0,2198.0,,,,,CH
EasyVins Sàrl,1032,Romanel-sur-Lausanne,VD,2012.0,180.0,2192.0,,,,,CH
LO Suisse AG,2502,Biel/Bienne,BE,824.0,1367.0,2191.0,,,,,CH
Manuels Weinauslese GmbH,6014,Luzern,LU,815.0,1364.0,2179.0,,,,,CH
EMconsulting - Manzon,3232,Ins,BE,1697.0,482.0,2179.0,,,,,CH
Peter Pisan,4116,Metzerlen,SO,963.0,1215.0,2178.0,,,,,CH
BAMBOCHE KLG,3012,Bern,BE,1315.0,857.0,2172.0,,,,,CH
PD Dolciumi SA,6572,Quartino,TI,859.0,1311.0,2170.0,,,,,CH
vino&tavola GmbH,5057,Reitnau,AG,1760.0,410.0,2170.0,,,,,CH
CANTINE NESTA par Giuseppe Nesta,1964,Conthey,VS,1805.0,360.0,2165.0,,,,,CH
Euroventures Management SA,1219,Aïre,GE,2136.0,23.0,2159.0,,,,,CH
Crowd Container AG,8003,Zürich,ZH,485.0,1672.0,2157.0,,,,,CH
Cina Gilles & Joël GmbH,3970,Salgesch,VS,675.0,1481.0,2156.0,,,,,CH
Esco-Plast Schondorff & Co,3718,Kandersteg,BE,1619.0,531.0,2150.0,,,,,CH
Cave BB Alexander E. Bäggli AG,8126,Zumikon,ZH,1879.0,270.0,2149.0,,,,,CH
Le Mareys Weine GmbH,8152,Opfikon,ZH,1463.0,675.0,2138.0,,,,,CH
vinothek wine-insider.ch GmbH,4900,Langenthal,BE,1607.0,527.0,2134.0,,,,,CH
Weinpur.ch GmbH,6330,Cham,ZG,1653.0,479.0,2132.0,,,,,CH
Theo Terzis Latin Music Shop,6043,Adligenswil,LU,0.0,2102.0,2102.0,,,,,CH
D13.wine GmbH,6330,Cham,ZG,1962.0,135.0,2097.0,,,,,CH
Jean Paul Dieing,1920,Martigny,VS,1952.0,144.0,2096.0,,,,,CH
Château Constellation SA,1950,Sion 4,VS,2046.0,50.0,2096.0,,,,,CH
Blu Sfera AG,6330,Cham,ZG,135.0,1958.0,2093.0,,,,,CH
klarazehn GmbH,4058,Basel,BS,473.0,1620.0,2093.0,,,,,CH
PANCHAUD-KOLB Sàrl,1410,St-Cierges,VD,2091.0,0.0,2091.0,,,,,CH
RED distribution SA,1207,Genève,GE,1878.0,203.0,2081.0,,,,,CH
Donna Cristina di C. Guarino,5212,Hausen AG,AG,1427.0,653.0,2080.0,,,,,CH
Zweifel & Co. AG,8049,Zürich,ZH,2076.0,0.0,2076.0,,,,,CH
ERO vins Trittibach,1009,Pully,VD,1661.0,410.0,2071.0,,,,,CH
Port Francs Vins Nicolas Isler,2012,Auvernier,NE,1518.0,547.0,2065.0,,,,,CH
ORIGINS WINE,1226,THÔNEX,GE,1456.0,608.0,2064.0,,,,,CH
La Bottega Italia SA,1204,Genève,GE,1318.0,734.0,2052.0,,,,,CH
THE HUT SA,7513,Silvaplana,GR,1627.0,423.0,2050.0,,,,,CH
Tavasci Fratelli,6537,Grono,GR,486.0,1557.0,2043.0,,,,,CH
AMBITION AG,8505,Dettighofen,TG,1925.0,117.0,2042.0,,,,,CH
La part des anges - Vins fins - José,2000,Neuchâtel,NE,1521.0,513.0,2034.0,,,,,CH
Interkran AG,6345,Neuheim,ZG,675.0,1350.0,2025.0,,,,,CH
italtours ag,3011,Bern,BE,1633.0,392.0,2025.0,,,,,CH
Cave chez Nathalie Sàrl,1450,Ste-Croix,VD,1651.0,369.0,2020.0,,,,,CH
Mzansi Wines by Philemon,8604,Volketswil,ZH,1350.0,666.0,2016.0,,,,,CH
Wallberg AG,8604,Volketswil,ZH,1688.0,324.0,2012.0,,,,,CH
INLUXURY SA,6948,Porza,TI,2012.0,0.0,2012.0,,,,,CH
Marino Wein & Spirituosen GmbH,4142,Münchenstein,BL,1277.0,734.0,2011.0,,,,,CH
Stoppervini Sagl,6900,Lugano,TI,905.0,1093.0,1998.0,,,,,CH
Sequerciani Svizzera GmbH,6300,Zug,ZG,1413.0,585.0,1998.0,,,,,CH
Casa Tonelly Italienische Weine,4414,Füllinsdorf,BL,1403.0,594.0,1997.0,,,,,CH
Austrowein GmbH,8057,Zürich,ZH,1854.0,135.0,1989.0,,,,,CH
Ronchi Biaggi Sagl,6593,Cadenazzo,TI,1988.0,0.0,1988.0,,,,,CH
Divinum Martinelli,8006,Zürich,ZH,1418.0,563.0,1981.0,,,,,CH
Danivin Dula,1636,Broc,FR,1767.0,207.0,1974.0,,,,,CH
Selsaco Selezione Sartorio GmbH,8630,Rüti ZH,ZH,1580.0,392.0,1972.0,,,,,CH
LE K-VO Sàrl,1733,Treyvaux,FR,1812.0,158.0,1970.0,,,,,CH
Robi's Enoteca GmbH,4532,Feldbrunnen,SO,1736.0,231.0,1967.0,,,,,CH
VIGNE PORTUGAISE SA,1206,Genève,GE,1656.0,306.0,1962.0,,,,,CH
MOVI Mode und Wein Theres Koch,8735,St. Gallenkappel,SG,940.0,1016.0,1956.0,,,,,CH
canoobio consulting gmbh,8915,Hausen am Albis,ZH,1539.0,413.0,1952.0,,,,,CH
proMagX GmbH,6410,Goldau,SZ,1634.0,315.0,1949.0,,,,,CH
Velkov Importation,1024,Ecublens VD,VD,1341.0,605.0,1946.0,,,,,CH
Sägewerk Christen AG Luthern,6156,Luthern Dorf,LU,1578.0,360.0,1938.0,,,,,CH
Olivino GmbH,9015,St. Gallen,SG,847.0,1091.0,1938.0,,,,,CH
Blaser Getränke AG,8280,Kreuzlingen,TG,720.0,1215.0,1935.0,,,,,CH
Witschi Weine GmbH,9014,St. Gallen,SG,1193.0,738.0,1931.0,,,,,CH
DiVinum Weinimporte GmbH,8006,Zürich,ZH,1049.0,882.0,1931.0,,,,,CH
Taradel Sàrl,1227,Les Acacias,GE,1922.0,0.0,1922.0,,,,,CH
El Rey del Jamon,1202,Genève,GE,1823.0,99.0,1922.0,,,,,CH
Vioujas Angéle,2610,St-Imier,BE,1649.0,270.0,1919.0,,,,,CH
Elmio Fringeli,2853,Courfaivre,JU,1535.0,383.0,1918.0,,,,,CH
Weine Paic,6004,Luzern,LU,899.0,1017.0,1916.0,,,,,CH
Bruno De Luca,6500,Bellinzona,TI,1050.0,865.0,1915.0,,,,,CH
Reserva Lounge GmbH,8001,Zürich,ZH,1340.0,572.0,1912.0,,,,,CH
L'angolo del vino Sagl,6710,Biasca,TI,687.0,1224.0,1911.0,,,,,CH
vinoverso GmbH,6300,Zug,ZG,585.0,1323.0,1908.0,,,,,CH
Weine Lauth,5600,Lenzburg,AG,868.0,1040.0,1908.0,,,,,CH
Rêve Du Sud SARL,8157,Dielsdorf,ZH,1772.0,135.0,1907.0,,,,,CH
Splendeurs du Globe Franco Colantuono,1522,Lucens,VD,1773.0,131.0,1904.0,,,,,CH
Vinique GmbH,8134,Adliswil,ZH,1045.0,857.0,1902.0,,,,,CH
Chrüterhüsli AG,4051,Basel,BS,1900.0,0.0,1900.0,,,,,CH
Weinhandel Il Grottino del Vino,8408,Winterthur,ZH,1548.0,351.0,1899.0,,,,,CH
The BodegA AG,6374,Buochs,NW,1899.0,0.0,1899.0,,,,,CH
Parente Wein Import,5524,Nesselnbach,AG,1895.0,0.0,1895.0,,,,,CH
Meilis Weinwelt,8484,Weisslingen,ZH,1428.0,466.0,1894.0,,,,,CH
adhhoc GmbH,3904,Naters,VS,1597.0,297.0,1894.0,,,,,CH
Don Bosco Jugendhilfe Weltweit,6215,Beromünster,LU,1638.0,252.0,1890.0,,,,,CH
Heidi Dieing,1920,Martigny,VS,1813.0,74.0,1887.0,,,,,CH
Xico SA,1095,Lutry,VD,1446.0,441.0,1887.0,,,,,CH
Sanisa GmbH,8634,Hombrechtikon,ZH,1352.0,533.0,1885.0,,,,,CH
Nagel Weinhandels GmbH,6333,Hünenberg See,ZG,953.0,929.0,1882.0,,,,,CH
Restaurant Orologio Gendrat,2300,La Chaux-de-Fonds,NE,1394.0,485.0,1879.0,,,,,CH
Lorze AG,6340,Baar,ZG,1278.0,594.0,1872.0,,,,,CH
winelab 5400 GmbH,5400,Baden,AG,400.0,1469.0,1869.0,,,,,CH
Fortuna Feinkost GmbH,8400,Winterthur,ZH,1548.0,315.0,1863.0,,,,,CH
Wein-Partner GmbH,4323,Wallbach,AG,1067.0,794.0,1861.0,,,,,CH
CCD Carpe Diem Zweigniederlassung,6047,Kastanienbaum,LU,1415.0,441.0,1856.0,,,,,CH
Best of Georgia & More GmbH,3400,Burgdorf,BE,1359.0,495.0,1854.0,,,,,CH
Wine-culture,8253,Diessenhofen,TG,1643.0,189.0,1832.0,,,,,CH
Alpha Vina GmbH,6375,Beckenried,NW,1136.0,687.0,1823.0,,,,,CH
26 GmbH,8003,Zürich,ZH,1254.0,563.0,1817.0,,,,,CH
GT Wines Sàrl,1225,Chêne-Bourg,GE,1348.0,468.0,1816.0,,,,,CH
Francesco Cristian Amoroso,6595,Riazzino,TI,1302.0,513.0,1815.0,,,,,CH
ANB Groupe Sàrl,1483,Vesin,FR,1814.0,0.0,1814.0,,,,,CH
Au 14° Cave à Vin - Montandon & Cie,2316,Ponts-de-Martel,NE,1320.0,482.0,1802.0,,,,,CH
Casa Resende - A. Da Silva Sàrl,2300,La Chaux-de-Fonds,NE,1350.0,450.0,1800.0,,,,,CH
ADN Brands Sàrl,1562,Corcelles-près-Payerne,VD,900.0,900.0,1800.0,,,,,CH
Activ'Pro Management SA,1242,Satigny,GE,1800.0,0.0,1800.0,,,,,CH
Vino Vario Alfons Hollenstein,9200,Gossau SG,SG,366.0,1418.0,1784.0,,,,,CH
AdminProfi Giaccone,6221,Rickenbach LU,LU,1342.0,432.0,1774.0,,,,,CH
DivinEmozioni di Ranieri Angela,6648,Minusio,TI,1115.0,659.0,1774.0,,,,,CH
Marnix SA,2525,Le Landeron,BE,1706.0,68.0,1774.0,,,,,CH
Fondation Les Marronniers,1224,Chêne-Bougeries,GE,1602.0,171.0,1773.0,,,,,CH
Weinflair GmbH,3007,Bern,BE,873.0,896.0,1769.0,,,,,CH
Vinopaolo AG,3603,Thun,BE,785.0,977.0,1762.0,,,,,CH
WXF Sàrl,1095,Lutry,VD,1761.0,0.0,1761.0,,,,,CH
la Peppina AG,3177,Laupen BE,BE,1215.0,544.0,1759.0,,,,,CH
wine selection one Martin Jeitler-Gamma,8173,Neerach,ZH,1351.0,401.0,1752.0,,,,,CH
Eduard Meyer & Co. AG,6260,Reiden,LU,1463.0,288.0,1751.0,,,,,CH
Italian Quality SA,1227,Carouge,GE,1184.0,563.0,1747.0,,,,,CH
LCK INVEST SA,1806,St-Légier-La Chiésaz,VD,1497.0,250.0,1747.0,,,,,CH
Pagliaccio il Torkio Weinimport,8400,Winterthur,ZH,1026.0,720.0,1746.0,,,,,CH
Dana S.A.,1800,Vevey,VD,1473.0,270.0,1743.0,,,,,CH
SR Trading GmbH,4312,Magden,AG,1243.0,495.0,1738.0,,,,,CH
Der Italiener Immobilien AG,6370,Stans,NW,1302.0,432.0,1734.0,,,,,CH
Molnar Wein Selection,4562,Biberist,SO,1094.0,635.0,1729.0,,,,,CH
Susanne M. Staub Seinundwein,6330,Cham,ZG,1211.0,518.0,1729.0,,,,,CH
MONTIWEIN Simões Rodrigues,3018,Bern,BE,1728.0,0.0,1728.0,,,,,CH
Wenger Vins SA,4051,Basel,BS,509.0,1215.0,1724.0,,,,,CH
ILLIEN'S - Weinimport,5330,Bad Zurzach,AG,1568.0,153.0,1721.0,,,,,CH
Jan Weisskopf AG,5412,Gebenstorf,AG,886.0,835.0,1721.0,,,,,CH
Best Wines & More titulaire Lafon,1268,Burtigny,VD,1430.0,290.0,1720.0,,,,,CH
aquabasilea AG,4133,Pratteln,BL,0.0,1710.0,1710.0,,,,,CH
S8 Sonja Dellapina,6314,Unterägeri,ZG,1153.0,551.0,1704.0,,,,,CH
Lucas Beck GmbH,5637,Beinwil (Freiamt),AG,909.0,792.0,1701.0,,,,,CH
GAY-VINS,1483,Montet (Broye),FR,1044.0,657.0,1701.0,,,,,CH
Auto-Trading SA,2345,Les Breuleux,NE,1697.0,0.0,1697.0,,,,,CH
DAPHNE CABARET SA,1091,Grandvaux,VD,1460.0,234.0,1694.0,,,,,CH
Cantina del Borgo SA,1913,Saillon,VS,1130.0,554.0,1684.0,,,,,CH
Waldthaler,8835,Feusistag,SZ,927.0,731.0,1658.0,,,,,CH
sobriovini GmbH,9633,Hemberg,SG,1138.0,517.0,1655.0,,,,,CH
Winfluencer GmbH,6064,Kerns,OW,1019.0,636.0,1655.0,,,,,CH
Colorcomcenter GmbH,9547,Wittenwil,TG,1312.0,337.0,1649.0,,,,,CH
Kreavita Home Design AG,6203,Sempach Station,LU,1649.0,0.0,1649.0,,,,,CH
vinvino AG,3011,Bern,BE,765.0,882.0,1647.0,,,,,CH
Ramun Schweizer,7536,Sta. Maria Val Müstair,GR,1080.0,560.0,1640.0,,,,,CH
Cianelli Wines,8810,Horgen,ZH,1010.0,624.0,1634.0,,,,,CH
Induwine Sàrl,1009,Pully,VD,1454.0,180.0,1634.0,,,,,CH
Wein im Keller GmbH,8004,Zürich,ZH,893.0,740.0,1633.0,,,,,CH
Barrique 13 GmbH,8903,Birmensdorf ZH,ZH,902.0,730.0,1632.0,,,,,CH
Premium Trade (Swiss) Sarl,8853,Lachen SZ,SZ,630.0,1001.0,1631.0,,,,,CH
fg-company gmbh,8532,Weiningen TG,TG,1625.0,0.0,1625.0,,,,,CH
Holy Chips Genève Sàrl,1205,Genève,GE,1149.0,472.0,1621.0,,,,,CH
Vinovision - Stefan Jost,8152,Opfikon,ZH,450.0,1171.0,1621.0,,,,,CH
Monte Odina Suiza GmbH,8750,Glarus,GL,1620.0,0.0,1620.0,,,,,CH
DJP Import Sàrl,1023,Crissier,VD,1080.0,540.0,1620.0,,,,,CH
TIMME Import titulaire Isabelle,1306,Daillens,VD,1064.0,551.0,1615.0,,,,,CH
Bijouterie L'eleganza,4900,Langenthal,BE,1067.0,540.0,1607.0,,,,,CH
Emanuele Caribotti,6648,Minusio,TI,908.0,697.0,1605.0,,,,,CH
Synpart Sàrl,1660,Château-d'Oex,FR,1418.0,185.0,1603.0,,,,,CH
Arsène et ses vins Sàrl M. Périnat,1028,Préverenges,VD,1339.0,261.0,1600.0,,,,,CH
Maison Libre GmbH,8915,Hausen am Albis,ZH,450.0,1149.0,1599.0,,,,,CH
Huaca Sàrl,1745,Lentigny,FR,1136.0,461.0,1597.0,,,,,CH
feelwine GmbH,4658,Däniken SO,SO,1303.0,293.0,1596.0,,,,,CH
Angela Targhetta Suarez,6047,Kastanienbaum,LU,1011.0,581.0,1592.0,,,,,CH
Glen Fahrn AG,9402,Mörschwil,SG,1276.0,315.0,1591.0,,,,,CH
Hellas - Import GmbH,9203,Niederwil,SG,1060.0,524.0,1584.0,,,,,CH
Cielo del Vino Weinhandels GmbH,8260,Stein am Rhein,SH,1394.0,182.0,1576.0,,,,,CH
Tia Butia GmbH,7512,Champfèr,GR,908.0,657.0,1565.0,,,,,CH
Matt Wine Sagl,6825,Capolago,TI,629.0,936.0,1565.0,,,,,CH
vinoteca bar-olo,6383,Dallenwil,NW,1322.0,243.0,1565.0,,,,,CH
Ofélia GmbH,8406,Winterthur,ZH,759.0,801.0,1560.0,,,,,CH
Ancrage Sàrl,1042,Assens,VD,755.0,804.0,1559.0,,,,,CH
LES NECTARS DIVINS à Montbéliard,2900,Porrentruy,JU,1308.0,250.0,1558.0,,,,,CH
Limited Cellars Sàrl,1173,Féchy,VD,659.0,896.0,1555.0,,,,,CH
Park Hotel Vitznau Weinarchiv AG,6354,Vitznau,LU,781.0,764.0,1545.0,,,,,CH
Therra Vini Sagl,6830,Chiasso,TI,1544.0,0.0,1544.0,,,,,CH
Ciao Bella Ciao GmbH,4057,Basel,BS,324.0,1220.0,1544.0,,,,,CH
Bevanar & Dorga SA,1228,Plan-les-Ouates,GE,1536.0,0.0,1536.0,,,,,CH
Vinomare Rützler,8912,Obfelden,ZH,1215.0,320.0,1535.0,,,,,CH
bouiboui.vin s.a.r.l.,8048,Zürich,ZH,1320.0,212.0,1532.0,,,,,CH
SALESA SA,6855,Stabio,TI,338.0,1190.0,1528.0,,,,,CH
Michel Weinimport,3855,Brienz BE,BE,1301.0,225.0,1526.0,,,,,CH
Mucci Weine GmbH,8155,Niederhasli,ZH,995.0,527.0,1522.0,,,,,CH
SHELBY Sàrl,1227,Carouge,GE,997.0,512.0,1509.0,,,,,CH
PHBS Consulting GmbH,1700,Fribourg,FR,548.0,958.0,1506.0,,,,,CH
Grand Cru AG,7500,St. Moritz,GR,441.0,1061.0,1502.0,,,,,CH
LPBCJ SNC,1932,Bovernier,VS,968.0,533.0,1501.0,,,,,CH
IVM Henseler,9320,Arbon,TG,1100.0,401.0,1501.0,,,,,CH
UVA Distribution Sàrl,1003,Lausanne,VD,1500.0,0.0,1500.0,,,,,CH
La Cave de Gael Sàrl,2400,Le Locle,NE,1152.0,346.0,1498.0,,,,,CH
Gattlen's Weine GmbH,6460,Altdorf UR,UR,645.0,852.0,1497.0,,,,,CH
MALGIOGLIO SA,1217,Meyrin,GE,1494.0,0.0,1494.0,,,,,CH
Staila AG,7533,Fuldera,GR,1175.0,315.0,1490.0,,,,,CH
Nectra Food SA,1033,Cheseaux-Lausanne,VD,1211.0,279.0,1490.0,,,,,CH
Osteria Enoteca Ferriroli SA,6646,Contra,TI,1481.0,0.0,1481.0,,,,,CH
Wein & Olivenölhandel Costantino,3114,Wichtrach,BE,1049.0,432.0,1481.0,,,,,CH
VECOM AG,6280,Hochdorf,LU,1238.0,243.0,1481.0,,,,,CH
HELLENIC WINES Gastronomie & Weine,6003,Luzern,LU,866.0,608.0,1474.0,,,,,CH
Vins Boitel,8117,Fällanden,ZH,1068.0,405.0,1473.0,,,,,CH
La Lagune Diffusion Sàrl,1897,Le Bouveret,VS,978.0,487.0,1465.0,,,,,CH
RENOVIWA GmbH,4323,Wallbach,AG,320.0,1134.0,1454.0,,,,,CH
Jörg Wiedermann Pforzheim/DE,8610,Uster,ZH,790.0,659.0,1449.0,,,,,CH
Epicurieux Suisse Sàrl,1205,Genève,GE,821.0,624.0,1445.0,,,,,CH
Alma Gastronomie SA,1008,Prilly,VD,1307.0,135.0,1442.0,,,,,CH
Stier & Löwe GmbH,6330,Cham,ZG,901.0,540.0,1441.0,,,,,CH
Barbarossa GmbH,8700,Küsnacht ZH,ZH,315.0,1125.0,1440.0,,,,,CH
Da Vinci Oliveoil GmbH,8357,Guntershausen bei Aadorf,TG,720.0,720.0,1440.0,,,,,CH
Belli Selection,8057,Zürich,ZH,637.0,797.0,1434.0,,,,,CH
"Gilles BOGAERTS ""20G""",1227,Carouge,GE,1184.0,248.0,1432.0,,,,,CH
Prophil AG,3652,Hilterfingen,BE,1110.0,315.0,1425.0,,,,,CH
VdAW Handels AG,6340,Baar,ZG,636.0,785.0,1421.0,,,,,CH
Ottavio Danieli AG,8304,Wallisellen,ZH,1058.0,360.0,1418.0,,,,,CH
CSG Services Sàrl,1020,Renens VD,VD,1418.0,0.0,1418.0,,,,,CH
1275 SA,1207,Genève,GE,1108.0,304.0,1412.0,,,,,CH
Vinum Verum GmbH,8105,Regensdorf,ZH,1140.0,270.0,1410.0,,,,,CH
TERROIR-ist Yacin's Wein AG,6312,Steinhausen,ZG,414.0,995.0,1409.0,,,,,CH
Chambre de Commerce et d'Industrie,1211,Genève,GE,1404.0,0.0,1404.0,,,,,CH
W-IMPORT SA,1260,Nyon,VD,1078.0,322.0,1400.0,,,,,CH
ONE WAY WINES di Elisa Maliandi,6648,Minusio,TI,1187.0,208.0,1395.0,,,,,CH
PEDRINI VINI SA,6760,Faido,TI,962.0,427.0,1389.0,,,,,CH
ILIRIA WINE GmbH,6343,Rotkreuz,ZG,1386.0,0.0,1386.0,,,,,CH
Solo Handels AG,4513,Langendorf,SO,1350.0,33.0,1383.0,,,,,CH
Eichmann Cantina Collina d'oro,8212,Neuhausen,SH,1355.0,27.0,1382.0,,,,,CH
Reifgenuss GmbH,5400,Baden,AG,0.0,1377.0,1377.0,,,,,CH
Isratrade and Tours GmbH,4127,Birsfelden,BL,926.0,450.0,1376.0,,,,,CH
Ultramarinos GmbH,8032,Zürich,ZH,746.0,629.0,1375.0,,,,,CH
Bergemann`s Genuss GmbH,6074,Giswil,OW,788.0,585.0,1373.0,,,,,CH
Candreja Weine + Getränke AG,7151,Schluein,GR,1229.0,144.0,1373.0,,,,,CH
Getränke-Express Josef Mali Anstalt,9491,Ruggell,FL,560.0,810.0,1370.0,,,,,LI
Gehri Gastronomie GmbH,7277,Davos Glaris,GR,726.0,642.0,1368.0,,,,,CH
W&R Loureiro Vieira,1227,Carouge,GE,1136.0,227.0,1363.0,,,,,CH
Connvino G. Casty,7017,Flims Dorf,GR,1272.0,90.0,1362.0,,,,,CH
Squadra Violi GmbH,4056,Basel,BS,0.0,1350.0,1350.0,,,,,CH
Stienie Chédel Wings Kap Kaai,1217,Meyrin,GE,1006.0,344.0,1350.0,,,,,CH
Alimentation du Léman Sàrl,1216,Cointrin,GE,1350.0,0.0,1350.0,,,,,CH
MY WATER SA,1279,Chavannes-de-Bogis,VD,1350.0,0.0,1350.0,,,,,CH
Kevin Sabry Business Gate,1090,La Croix (Lutry),VD,1350.0,0.0,1350.0,,,,,CH
D. Knobel Trading,8852,Altendorf,SZ,1179.0,171.0,1350.0,,,,,CH
Farnsburg Erlebnis AG,4466,Ormalingen,BL,454.0,892.0,1346.0,,,,,CH
Tucanexport GmbH,6340,Baar,ZG,1065.0,281.0,1346.0,,,,,CH
Brack.ch AG,5506,Mägenwil,AG,784.0,560.0,1344.0,,,,,CH
JPS IMPORT PÂT. Sàrl,1202,Genève,GE,902.0,441.0,1343.0,,,,,CH
L'angolo Vona,5430,Wettingen,AG,1112.0,225.0,1337.0,,,,,CH
Il cantiniere goloso di Deborah,6512,Giubiasco,TI,721.0,608.0,1329.0,,,,,CH
Ati Group GmbH,6014,Luzern,LU,536.0,792.0,1328.0,,,,,CH
Ti-gel Sagl,6855,Stabio,TI,1268.0,59.0,1327.0,,,,,CH
Evino GmbH,8708,Männedorf,ZH,870.0,456.0,1326.0,,,,,CH
Claude Piccand,1564,Domdidier,VD,1325.0,0.0,1325.0,,,,,CH
Enoteca di Berna GmbH,3011,Bern,BE,1323.0,0.0,1323.0,,,,,CH
Keller Weinhandel GmbH,8117,Fällanden,ZH,495.0,828.0,1323.0,,,,,CH
CASINO' ADMIRAL SA,6850,Mendrisio,TI,780.0,540.0,1320.0,,,,,CH
Crolux Andrijana Kedmenec,9050,Appenzell,AR,1175.0,144.0,1319.0,,,,,CH
Colicchio Vini,6300,Zug,ZG,981.0,333.0,1314.0,,,,,CH
Thomas Juchli Vins du Sud,6022,Grosswangen,LU,1017.0,297.0,1314.0,,,,,CH
einfachwein GmbH,4051,Basel,BS,779.0,534.0,1313.0,,,,,CH
deraisin SA,2300,La Chaux-de-Fonds,NE,690.0,621.0,1311.0,,,,,CH
Pontet Partners GmbH,6300,Zug,ZG,986.0,324.0,1310.0,,,,,CH
Pauk & Partner GmbH,8942,Oberrieden,ZH,1040.0,270.0,1310.0,,,,,CH
GrapeFactory GmbH,8802,Kilchberg ZH,ZH,935.0,372.0,1307.0,,,,,CH
Genussvoll Essen Reisen Trinken,6047,Kastanienbaum,LU,945.0,360.0,1305.0,,,,,CH
DEBEL'Sàrl,2123,St-Sulpice NE,NE,1176.0,122.0,1298.0,,,,,CH
Cave Viard,8304,Wallisellen,ZH,536.0,761.0,1297.0,,,,,CH
JOBST INTERNATIONAL CONSULTING di,6962,Viganello,TI,1184.0,113.0,1297.0,,,,,CH
Markus Breuer Consulting,6300,Zug,ZG,837.0,459.0,1296.0,,,,,CH
Cacis Mühle GmbH,3506,Grosshöchstetten,BE,618.0,675.0,1293.0,,,,,CH
L'aurora Sàrl,1207,Genève,GE,545.0,743.0,1288.0,,,,,CH
KHOURY Vins Sàrl,1081,Montpreveyres,VD,1247.0,41.0,1288.0,,,,,CH
GPE20 SAGL,6535,Roveredo GR,GR,701.0,587.0,1288.0,,,,,CH
Linea Bio Verde di Cattori & Figlio,6593,Cadenazzo,TI,824.0,462.0,1286.0,,,,,CH
kommerce GmbH,9230,Flawil,SG,1112.0,171.0,1283.0,,,,,CH
Diego Macoritto,2300,La Chaux-de-Fonds,NE,1058.0,225.0,1283.0,,,,,CH
A. Di Nardo,5430,Wettingen,AG,1283.0,0.0,1283.0,,,,,CH
SL & Co. Wine AG,7500,St. Moritz,GR,585.0,695.0,1280.0,,,,,CH
Alba Impex SNC,1208,Genève,GE,768.0,507.0,1275.0,,,,,CH
asrevar tM. Portmann,1726,Farvagny-le-Grand,FR,1008.0,257.0,1265.0,,,,,CH
CZ WEIN ZAVRELOVÁ,8055,Zürich,ZH,708.0,555.0,1263.0,,,,,CH
Lengen & Partner AG,6062,Wilen (Sarnen),OW,1163.0,99.0,1262.0,,,,,CH
Charles Hofer SA,1660,Château-d'Oex,FR,810.0,450.0,1260.0,,,,,CH
weinzirkel.ch GmbH,6130,Willisau,LU,1140.0,117.0,1257.0,,,,,CH
Hofwyler Wy-Chäller,3053,Münchenbuchsee,BE,947.0,308.0,1255.0,,,,,CH
Genussreise GmbH,3063,Ittigen,BE,702.0,549.0,1251.0,,,,,CH
Butty vins,1093,La Conversion,VD,1110.0,140.0,1250.0,,,,,CH
Les Férus Sàrl,1207,Genève,GE,786.0,462.0,1248.0,,,,,CH
VinSale AG,5012,Wöschnau,SO,959.0,288.0,1247.0,,,,,CH
Früchte mit einer Mission GmbH,8583,Donzhausen,TG,1112.0,135.0,1247.0,,,,,CH
Les jardins d'Arborex Sàrl,1277,Borex,VD,1073.0,171.0,1244.0,,,,,CH
WineHost Sàrl,1026,Denges,VD,437.0,806.0,1243.0,,,,,CH
CorVinum GmbH,9525,Lenggenwil,SG,772.0,471.0,1243.0,,,,,CH
Cuisine Evasion SA,1964,Conthey,VS,909.0,333.0,1242.0,,,,,CH
Arion Sàrl commerce de vins,1260,Nyon,VD,1165.0,59.0,1224.0,,,,,CH
equinox management ag,3604,Thun,BE,1035.0,189.0,1224.0,,,,,CH
BaccaVin di Mauro Baccarin,6805,Mezzovico,TI,795.0,428.0,1223.0,,,,,CH
TH Group Switzerland AG,4710,Balsthal,SO,594.0,626.0,1220.0,,,,,CH
vigaraz GmbH,3173,Oberwangen b. Bern,BE,615.0,603.0,1218.0,,,,,CH
SÜDLAGE GmbH,6012,Obernau,LU,371.0,845.0,1216.0,,,,,CH
Bonamente GmbH,6032,Emmen,LU,887.0,329.0,1216.0,,,,,CH
ZISCH Getränke & Service AG,9315,Neukirch-Egnach,TG,630.0,585.0,1215.0,,,,,CH
Gesteco SA,1219,Châtelaine,GE,1215.0,0.0,1215.0,,,,,CH
Le Cyrano Foie Gras Sàrl,1934,Bruson,VS,549.0,666.0,1215.0,,,,,CH
Konrad Lifestyle AG,4105,Biel-Benken BL,BL,1215.0,0.0,1215.0,,,,,CH
I.V.E. by Yves Sàrl,1285,Avusy,GE,274.0,939.0,1213.0,,,,,CH
HEUBERGER Wein & Gewürze,8908,Hedingen,ZH,400.0,810.0,1210.0,,,,,CH
La Cantina Del Buongustaio Sàrl,1227,Carouge,GE,1075.0,135.0,1210.0,,,,,CH
Heinz' Weine,4053,Basel,BS,414.0,787.0,1201.0,,,,,CH
Ristorante Giardino AG,8702,Zollikon,ZH,870.0,330.0,1200.0,,,,,CH
Musati Sagl,6500,Bellinzona,TI,743.0,455.0,1198.0,,,,,CH
VINCELLO M. Schmidlin,4052,Basel,BS,1075.0,122.0,1197.0,,,,,CH
L'Etabli - Barrois,1868,Collombey,VS,1035.0,162.0,1197.0,,,,,CH
Cork and Fork GmbH,5600,Lenzburg,AG,729.0,468.0,1197.0,,,,,CH
Cronache di n'Arnia di Micioni E.,6648,Minusio,TI,548.0,646.0,1194.0,,,,,CH
Optivino Schweiz GmbH,6004,Luzern,LU,1024.0,166.0,1190.0,,,,,CH
Vivere Innenarchitektur GmbH,8607,Aathal-Seegräben,ZH,837.0,351.0,1188.0,,,,,CH
MI-FOOD MI-RAISIN SARL,1207,Genève,GE,522.0,665.0,1187.0,,,,,CH
Akylor SA,1095,Lutry,VD,1169.0,0.0,1169.0,,,,,CH
Weingeflüster KlG,8603,Schwerzenbach,ZH,791.0,371.0,1162.0,,,,,CH
MonVino AG,8630,Rüti ZH,ZH,1080.0,68.0,1148.0,,,,,CH
Affaire Pinard KLG,8004,Zürich,ZH,1148.0,0.0,1148.0,,,,,CH
AZIENDA VITIVINICOLA TERRE,6533,Lumino,TI,1035.0,113.0,1148.0,,,,,CH
Rot-Weiss-Rot Weinhandel Harald Löscher,8156,Oberhasli,ZH,711.0,437.0,1148.0,,,,,CH
Iberoal GmbH,8600,Dübendorf,ZH,731.0,416.0,1147.0,,,,,CH
Webberry GmbH,6003,Luzern,LU,600.0,545.0,1145.0,,,,,CH
Valeur Real Assets SA,6900,Lugano,TI,860.0,285.0,1145.0,,,,,CH
Carrieri Culinarium GmbH,5607,Hägglingen,AG,1064.0,80.0,1144.0,,,,,CH
Thomas Asch,8966,Oberwil-Lieli,ZH,834.0,308.0,1142.0,,,,,CH
Mavina SA,1234,Vessy,GE,666.0,473.0,1139.0,,,,,CH
Baumgartner und Frutig klg,3600,Thun,BE,617.0,518.0,1135.0,,,,,CH
Purpur Weine GmbH,3507,Biglen,BE,774.0,360.0,1134.0,,,,,CH
Strubel Sport GmbH,3775,Lenk im Simmental,BE,747.0,381.0,1128.0,,,,,CH
Jean-Pierre Schenk,1182,Gilly,VD,761.0,365.0,1126.0,,,,,CH
Fishland SA,1201,Genève,GE,1125.0,0.0,1125.0,,,,,CH
Vino San Rocco AG,4206,Seewen SO,SO,669.0,450.0,1119.0,,,,,CH
Cantina Jost Fiorante,3013,Bern,BE,950.0,167.0,1117.0,,,,,CH
Hotel-Restaurant Urweider,3862,Innertkirchen,BE,815.0,299.0,1114.0,,,,,CH
ESTAPP Mussa Luigi,1470,Estavayer-le-Lac,FR,864.0,247.0,1111.0,,,,,CH
Lafleur Wines Sàrl,1224,Chêne-Bougeries,GE,952.0,153.0,1105.0,,,,,CH
Le Cellier des Vins Fins SA,1228,Plan-les-Ouates,GE,1103.0,0.0,1103.0,,,,,CH
Selezione Maresa AG,6004,Luzern,LU,786.0,315.0,1101.0,,,,,CH
VOBAX SA,6913,Carabbia,TI,711.0,387.0,1098.0,,,,,CH
Vini Piemontesi KlG,6030,Ebikon,LU,697.0,392.0,1089.0,,,,,CH
De BLEU SA,1222,Vésenaz,GE,704.0,384.0,1088.0,,,,,CH
Yourwine Fabien Pizzinat,1201,Genève,GE,425.0,662.0,1087.0,,,,,CH
Pinard Sagl,6900,Lugano,TI,351.0,729.0,1080.0,,,,,CH
Ecoservizi Valposchiavo SA,7741,S. Carlo (Poschiavo),GR,612.0,468.0,1080.0,,,,,CH
PPizzeria Sàrl,2000,Neuchâtel,NE,405.0,675.0,1080.0,,,,,CH
Acker Switzerland GmbH,6330,Cham,ZG,912.0,167.0,1079.0,,,,,CH
La delizianna campana di Lorenzo,4713,Matzendorf,SO,946.0,129.0,1075.0,,,,,CH
Winter & Co. GmbH,4333,Münchwilen AG,AG,885.0,185.0,1070.0,,,,,CH
Valsangiacomo,6850,Mendrisio,TI,954.0,115.0,1069.0,,,,,CH
Wii & Gnuss Müller,5105,Auenstein,AG,789.0,279.0,1068.0,,,,,CH
FINOVINO GmbH,6006,Luzern,LU,612.0,455.0,1067.0,,,,,CH
Champ'Art Sàrl,2087,Cornaux NE,NE,824.0,243.0,1067.0,,,,,CH
Vinomania Sàrl,1950,Sion,VS,1056.0,5.0,1061.0,,,,,CH
Bonvinum Sàrl,1029,Villars-Ste-Croix,VD,1058.0,0.0,1058.0,,,,,CH
mercatino enoteca gmbh,3014,Bern,BE,797.0,257.0,1054.0,,,,,CH
Cave du Prieuré Sàrl,1860,Aigle,VD,851.0,200.0,1051.0,,,,,CH
SICO FOOD TRADING SA,1023,Crissier,VD,1049.0,0.0,1049.0,,,,,CH
LEBENSMITTEL FARISANO LUCIANO,8352,Elsau,ZH,900.0,145.0,1045.0,,,,,CH
COPIMEX Sàrl,1034,Boussens,VD,810.0,234.0,1044.0,,,,,CH
Crus et Domaines GmbH,6440,Brunnen,SZ,985.0,57.0,1042.0,,,,,CH
BIERI Olivier,2740,Moutier,BE,782.0,257.0,1039.0,,,,,CH
HVK Logistics Sàrl,1033,Cheseaux-Lausanne,VD,662.0,377.0,1039.0,,,,,CH
AMC Young AG,6312,Steinhausen,ZG,695.0,341.0,1036.0,,,,,CH
Athos Weine GmbH,8048,Zürich,ZH,1035.0,0.0,1035.0,,,,,CH
Weiss Import,6300,Zug,ZG,1026.0,0.0,1026.0,,,,,CH
Number 74 GmbH,8494,Bauma,ZH,409.0,615.0,1024.0,,,,,CH
BComLog SNC,1227,Les Acacias,GE,820.0,203.0,1023.0,,,,,CH
HAUSTORES Sagl,6850,Mendrisio,TI,993.0,27.0,1020.0,,,,,CH
Femme Vin & Passion Sàrl,2301,La Chaux-de-Fonds,NE,819.0,198.0,1017.0,,,,,CH
Fuchs Weine KLG,5430,Wettingen,AG,1017.0,0.0,1017.0,,,,,CH
Alpin Stephan Minder,3011,Bern,BE,459.0,558.0,1017.0,,,,,CH
Weinhandlung Paracelsus GmbH,8840,Einsiedeln,SZ,315.0,702.0,1017.0,,,,,CH
Vini Renato René Baumann,2503,Biel/Bienne,BE,947.0,68.0,1015.0,,,,,CH
Hotel Central La Fainera SA,7535,Valchava,GR,716.0,297.0,1013.0,,,,,CH
BCW SWISS GmbH,3612,Steffisburg,BE,648.0,365.0,1013.0,,,,,CH
Lisboa Winebar AG,8303,Bassersdorf,ZH,639.0,374.0,1013.0,,,,,CH
Sialia SAGL,6900,Lugano,TI,790.0,221.0,1011.0,,,,,CH
Molinaccio Vini GmbH,9502,Braunau,TG,869.0,140.0,1009.0,,,,,CH
Osteria da Francesco Cipolla,8800,Thalwil,ZH,683.0,326.0,1009.0,,,,,CH
Rickenbacher Wineloverboutique,4600,Olten,SO,522.0,486.0,1008.0,,,,,CH
Wirz Travel AG,6060,Sarnen,OW,1008.0,0.0,1008.0,,,,,CH
Zimmermann Gastronomie GmbH,9000,St. Gallen,SG,182.0,824.0,1006.0,,,,,CH
Paolino Grand Cru GmbH,6312,Steinhausen,ZG,464.0,539.0,1003.0,,,,,CH
Maison du fromage Sterchi SA,2300,La Chaux-de-Fonds,NE,810.0,189.0,999.0,,,,,CH
Bauermeister Michèle,2000,Neuchâtel,NE,766.0,230.0,996.0,,,,,CH
Bösch-Getränkehandels AG,6340,Baar,ZG,342.0,653.0,995.0,,,,,CH
GROP - GROUP RETAIL OPERATION,1260,Nyon,VD,194.0,801.0,995.0,,,,,CH
Maison Epicure SA,1112,Echichens,VD,630.0,365.0,995.0,,,,,CH
Bandol.ch. GmbH,3096,Oberbalm,BE,990.0,0.0,990.0,,,,,CH
Beat Wicki,7304,Maienfeld,GR,765.0,225.0,990.0,,,,,CH
MAIRE Philippe,4051,Basel,BS,135.0,855.0,990.0,,,,,CH
Ziltener Weingenuss,6331,Hünenberg See,ZG,443.0,545.0,988.0,,,,,CH
Binario3,8320,Fehraltorf,ZH,874.0,113.0,987.0,,,,,CH
Schmidli - Waren- und Weinhandel,3122,Kehrsatz,BE,468.0,518.0,986.0,,,,,CH
Sponte Cru Jauch,8004,Zürich,ZH,23.0,960.0,983.0,,,,,CH
Design Eco Home Sagl,6850,Mendrisio,TI,297.0,684.0,981.0,,,,,CH
Field Solutions SARL,1223,Cologny,GE,605.0,374.0,979.0,,,,,CH
Harbour House AG,8134,Adliswil,ZH,337.0,641.0,978.0,,,,,CH
Orvinum International AG,4312,Magden,AG,510.0,466.0,976.0,,,,,CH
Portmann,3073,Gümligen,BE,563.0,412.0,975.0,,,,,CH
Per Bacco SA,3800,Interlaken,BE,972.0,0.0,972.0,,,,,CH
Tatiana Budeci Wine Treasures,1218,Le Grand-Saconnex,GE,486.0,486.0,972.0,,,,,CH
Feradvisor SWISS COMPANY Inh.,6004,Luzern,LU,656.0,315.0,971.0,,,,,CH
The Wine Club Sàrl,1296,Coppet,VD,696.0,275.0,971.0,,,,,CH
Domenico Larizza Trading,3250,Lyss,BE,707.0,262.0,969.0,,,,,CH
Parente del Sannio SNC,1022,Chavannes-près-Renens,VD,669.0,300.0,969.0,,,,,CH
TAFURO GMBH,8117,Fällanden,ZH,653.0,315.0,968.0,,,,,CH
ToscanaSquisita Baumgartner,4500,Solothurn,SO,875.0,90.0,965.0,,,,,CH
Christodoulou Imports,8117,Fällanden,ZH,200.0,760.0,960.0,,,,,CH
Maxlin GmbH,3063,Ittigen,BE,959.0,0.0,959.0,,,,,CH
Piastra GmbH,3856,Brienzwiler,BE,934.0,23.0,957.0,,,,,CH
Foodex Sàrl,1196,Gland,VD,0.0,954.0,954.0,,,,,CH
LAPA - finest italian food GmbH,8424,Embrach,ZH,492.0,462.0,954.0,,,,,CH
Camera di Commercio Italiana,8002,Zürich,ZH,566.0,388.0,954.0,,,,,CH
Tanner Import und Export,6005,Luzern,LU,954.0,0.0,954.0,,,,,CH
Nostra Italia SA,1219,Châtelaine,GE,783.0,167.0,950.0,,,,,CH
La Bottiglieria IL GRANO AG,3294,Büren an der Aare,BE,813.0,135.0,948.0,,,,,CH
MASSAM Events Sàrl,1920,Martigny,VS,834.0,113.0,947.0,,,,,CH
Boutique Naturel GmbH,4950,Huttwil,BE,653.0,288.0,941.0,,,,,CH
Aldier AG,7554,Sent,GR,619.0,322.0,941.0,,,,,CH
Fertig,8173,Neerach,ZH,678.0,261.0,939.0,,,,,CH
Isabel Reis da Silva dos Santos,1220,Les Avanchets,GE,837.0,100.0,937.0,,,,,CH
Sulzer Import Trading,8590,Romanshorn,TG,653.0,284.0,937.0,,,,,CH
Dabruzzo e più... snc,1422,Grandson,VD,684.0,252.0,936.0,,,,,CH
VINOTEKA.CH SÀRL,2022,Bevaix,NE,799.0,135.0,934.0,,,,,CH
Sapa Wines SNC,1212,Grand-Lancy,GE,555.0,378.0,933.0,,,,,CH
Sym-Tech Trennwandsysteme GmbH,9500,Wil SG,SG,651.0,280.0,931.0,,,,,CH
Rock the Vineyard Sàrl,1242,Satigny,GE,432.0,498.0,930.0,,,,,CH
L'ESPRIT DU VIN S. LOHRMANN,1292,Chambésy,GE,596.0,333.0,929.0,,,,,CH
IL VINO DEL BELICE di Di Liberto,5412,Gebenstorf,AG,734.0,194.0,928.0,,,,,CH
MISSOTTEN,1232,Confignon,GE,657.0,270.0,927.0,,,,,CH
Nikolas Hadzikalymnios,3665,Wattenwil,BE,558.0,360.0,918.0,,,,,CH
Bosshard Weine GmbH,8152,Glattbrugg,ZH,45.0,873.0,918.0,,,,,CH
WINEGROUP David Ouanounou,1225,Chêne-Bourg,GE,738.0,180.0,918.0,,,,,CH
BALZAROLO SA,7742,Poschiavo,GR,737.0,180.0,917.0,,,,,CH
BTC Benz Training & Consulting,8046,Zürich,ZH,720.0,195.0,915.0,,,,,CH
Enoteca Thomas Liebert,8200,Schaffhausen,SH,709.0,203.0,912.0,,,,,CH
Heumann Weine,8906,Bonstetten,ZH,650.0,252.0,902.0,,,,,CH
IMPORVINOS di JESUS TELLEZ,6901,Lugano,TI,674.0,228.0,902.0,,,,,CH
Maurice Augsburger,2300,La Chaux-de-Fonds,NE,873.0,27.0,900.0,,,,,CH
Le Chien Sage SA,8127,Forch,ZH,0.0,900.0,900.0,,,,,CH
Villa Ducale GmbH,8057,Zürich,ZH,810.0,90.0,900.0,,,,,CH
Cave La Tornale Jean-Daniel Favre,1955,Chamoson,VS,675.0,225.0,900.0,,,,,CH
inaxess Michael Schmidle,5507,Mellingen,AG,540.0,360.0,900.0,,,,,CH
Cochi SA,6883,Novazzano,TI,0.0,900.0,900.0,,,,,CH
vinyana wine,2503,Biel/Bienne,BE,597.0,302.0,899.0,,,,,CH
Off Piste Wine GmbH,4051,Basel,BS,256.0,641.0,897.0,,,,,CH
None Male Produkte GmbH,3007,Bern,BE,288.0,608.0,896.0,,,,,CH
ALCHIMIA WINES AG,6376,Emmetten,NW,761.0,131.0,892.0,,,,,CH
My Shop Sàrl,1205,Genève,GE,810.0,81.0,891.0,,,,,CH
Wein Kästli,3074,Muri b. Bern,BE,603.0,284.0,887.0,,,,,CH
Cargo Kulturbar GmbH,4056,Basel,BS,585.0,293.0,878.0,,,,,CH
Pasta e Sfizi Sàrl,1006,Lausanne,VD,678.0,200.0,878.0,,,,,CH
bodegas casa sotero vacas alonso,3638,Blumenstein,BE,360.0,518.0,878.0,,,,,CH
ACA Restaurant GmbH,7513,Silvaplana,GR,577.0,300.0,877.0,,,,,CH
Felix und Eugen Bärtsch Weinkellerei,8887,Mels,SG,873.0,0.0,873.0,,,,,CH
Romanu Vin Sàrl,2300,La Chaux-de-Fonds,NE,753.0,117.0,870.0,,,,,CH
Schlössli Haggen GmbH,9014,St. Gallen,SG,470.0,396.0,866.0,,,,,CH
ViteVere di Claudio Panese,1588,Cudrefin,VD,677.0,187.0,864.0,,,,,CH
Casa da Beira Sàrl,2015,Areuse,NE,717.0,146.0,863.0,,,,,CH
D'Ouro GmbH,8004,Zürich,ZH,680.0,176.0,856.0,,,,,CH
Lorenvin Sàrl,1205,Genève,GE,805.0,51.0,856.0,,,,,CH
MP Consulenze Sagl,6900,Lugano,TI,573.0,282.0,855.0,,,,,CH
EMSAK Consulting Sàrl,1055,Froideville,VD,381.0,473.0,854.0,,,,,CH
vicolo del limone,9220,Bischofszell,TG,852.0,0.0,852.0,,,,,CH
Rey Metall GmbH,5034,Suhr,AG,623.0,225.0,848.0,,,,,CH
Planète Terroirs SNC,1724,Zénauva,FR,461.0,387.0,848.0,,,,,CH
Müller Pius,8716,Schmerikon,SG,734.0,113.0,847.0,,,,,CH
Wein & Mehr GmbH,8570,Weinfelden,TG,405.0,437.0,842.0,,,,,CH
FINE+RARE AG,6340,Baar,ZG,838.0,0.0,838.0,,,,,CH
RAiZES Rodrigues Miguel,6020,Emmenbrücke,LU,495.0,342.0,837.0,,,,,CH
Yalom Sàrl,1950,Sion,VS,576.0,261.0,837.0,,,,,CH
VINA VITAE Sàrl,2013,Colombier NE,NE,482.0,355.0,837.0,,,,,CH
Italian Deluxe Food AG,9542,Münchwilen,TG,332.0,500.0,832.0,,,,,CH
Maria-Belen Clément Organisation,1633,Marsens,FR,595.0,236.0,831.0,,,,,CH
MR Moravac,3400,Burgdorf,BE,324.0,507.0,831.0,,,,,CH
Brut Nature KLG,4056,Basel,BS,432.0,396.0,828.0,,,,,CH
La Bottiglia AG / Weinhandlung Elgg,8353,Elgg,ZH,585.0,239.0,824.0,,,,,CH
iberpasion GmbH,5626,Hermetschwil-Staffeln,AG,498.0,326.0,824.0,,,,,CH
Titan Technology Sagl,6612,Ascona,TI,650.0,172.0,822.0,,,,,CH
OENOVIA Sàrl,1264,St-Cergue,VD,388.0,432.0,820.0,,,,,CH
Franvin AG,8153,Rümlang,ZH,765.0,54.0,819.0,,,,,CH
Benninger Trading Aroha Wine,1298,Céligny,GE,104.0,711.0,815.0,,,,,CH
Swiss Geo Service Sagl,6984,Pura,TI,606.0,208.0,814.0,,,,,CH
Importas GmbH,5604,Hendschiken,AG,630.0,180.0,810.0,,,,,CH
VINOMAX Favretto,2014,Bôle,NE,670.0,140.0,810.0,,,,,CH
Delorme Joris,2800,Delémont,JU,592.0,216.0,808.0,,,,,CH
CONVIVIO SA,6900,Lugano,TI,113.0,691.0,804.0,,,,,CH
Sparkling Venture GmbH,4053,Basel,BS,401.0,402.0,803.0,,,,,CH
Stina-Vino-Gastro Akrap,7270,Davos Platz,GR,734.0,68.0,802.0,,,,,CH
Bologna Getränke,4227,Büsserach,SO,792.0,0.0,792.0,,,,,CH
E-beric.ch GmbH,8602,Wangen b. Dübendorf,ZH,363.0,428.0,791.0,,,,,CH
Buendia GmbH,7418,Tumegl/Tomils,GR,489.0,302.0,791.0,,,,,CH
Ruscello SA,6862,Rancate,TI,203.0,586.0,789.0,,,,,CH
Boucherie Vuitel Sàrl,2612,Cormoret,BE,788.0,0.0,788.0,,,,,CH
Maremma Vini,8153,Rümlang,ZH,785.0,3.0,788.0,,,,,CH
TRAUT BUSINESS GmbH,9445,Rebstein,SG,463.0,324.0,787.0,,,,,CH
Productos Tropicales GmbH,8046,Zürich,ZH,780.0,0.0,780.0,,,,,CH
Bgt Weinhandel Jakob Baumgartner,8777,Betschwanden,GL,720.0,59.0,779.0,,,,,CH
MAV4 GmbH,8606,Greifensee,ZH,578.0,201.0,779.0,,,,,CH
Feinspitz Angelika Paierl,8902,Urdorf,ZH,492.0,283.0,775.0,,,,,CH
restaurant à la cArte gmbh,4900,Langenthal,BE,481.0,293.0,774.0,,,,,CH
Bijou 11 Sarah Leuenberger,3053,Münchenbuchsee,BE,638.0,135.0,773.0,,,,,CH
Weinhaus Sonja Mathis Inhaberin Sonja,4125,Riehen,BL,72.0,700.0,772.0,,,,,CH
Isabelle Rivier,1270,Trélex,VD,628.0,143.0,771.0,,,,,CH
ES-Solutions SARL,2576,Lüscherz,BE,463.0,307.0,770.0,,,,,CH
Zweitweine GmbH,8453,Alten,ZH,768.0,0.0,768.0,,,,,CH
Latino Weine AG,8004,Zürich,ZH,768.0,0.0,768.0,,,,,CH
Giancarlo Schwendener,8055,Zürich,ZH,765.0,2.0,767.0,,,,,CH
ANRI Buchhaltung und Beratung,9497,Triesenberg,FL,0.0,762.0,762.0,,,,,LI
Hotel Chasa Chalavaina AG,7537,Müstair,GR,585.0,176.0,761.0,,,,,CH
Urmann Gallery,9000,St. Gallen,SG,320.0,437.0,757.0,,,,,CH
Universal Imports GmbH,3073,Gümligen,BE,739.0,9.0,748.0,,,,,CH
Vazis Xidi Schweiz GmbH,3038,Kirchlindach,BE,306.0,441.0,747.0,,,,,CH
Wein vom Burgenland Ruth Husinsky,6340,Baar,ZG,487.0,258.0,745.0,,,,,CH
AurDvin GmbH,8050,Zürich,ZH,473.0,270.0,743.0,,,,,CH
Canadian Store GmbH,5634,Merenschwand,AG,581.0,162.0,743.0,,,,,CH
Tou contigo GmbH,6003,Luzern,LU,536.0,207.0,743.0,,,,,CH
Marty Getränke AG,6418,Rothenthurm,SZ,248.0,492.0,740.0,,,,,CH
BIO-PASS Sàrl,2000,Neuchâtel,NE,690.0,50.0,740.0,,,,,CH
VG Food GmbH,5432,Neuenhof,AG,608.0,131.0,739.0,,,,,CH
Reiferei GmbH,8636,Wald ZH,ZH,489.0,250.0,739.0,,,,,CH
LE PIT-STOP PICCI SA,2043,Boudevilliers,NE,486.0,252.0,738.0,,,,,CH
Midi Vins SA,8001,Zürich,ZH,535.0,203.0,738.0,,,,,CH
Vinterra GmbH,8125,Zollikerberg,ZH,90.0,648.0,738.0,,,,,CH
Sommovigo Prosecco und Weine,5116,Schinznach Bad,AG,506.0,230.0,736.0,,,,,CH
Christophe Bolay,1272,Genolier,VD,403.0,332.0,735.0,,,,,CH
invinoveritas.ch by Simon,6300,Zug,ZG,204.0,531.0,735.0,,,,,CH
Ristorante Aeroporto Pizzolitto,6596,Gordola,TI,428.0,306.0,734.0,,,,,CH
SPECIALE BREGAGLIA SAGL,7516,Maloja,GR,479.0,254.0,733.0,,,,,CH
Gastro Tour GmbH,6003,Luzern,LU,403.0,327.0,730.0,,,,,CH
Botica Joy Inh. Maidana,8832,Wollerau,SZ,540.0,188.0,728.0,,,,,CH
pellemania Rita Jäger,8580,Amriswil,TG,185.0,543.0,728.0,,,,,CH
N S D SARL,1782,Cormagens,FR,416.0,311.0,727.0,,,,,CH
Espresso Café SA,1208,Genève,GE,424.0,301.0,725.0,,,,,CH
Albrecht's DWV u. Handel,6362,Stansstad,NW,722.0,0.0,722.0,,,,,CH
Sefil tec Immobilien AG,8181,Höri,ZH,654.0,68.0,722.0,,,,,CH
Bacardi Martini Patrón,8200,Schaffhausen,SH,0.0,720.0,720.0,,,,,CH
Sebastian Conrad AG,7537,Müstair,GR,558.0,162.0,720.0,,,,,CH
Limmattrüffel Egli,8049,Zürich,ZH,225.0,495.0,720.0,,,,,CH
SalSa Vins SA,1000,Lausanne 26,VD,720.0,0.0,720.0,,,,,CH
Petrus (Suisse) SA,1204,Genève,GE,719.0,0.0,719.0,,,,,CH
IRRICULT Sàrl,1442,Montagny-Yverdon,VD,409.0,309.0,718.0,,,,,CH
Vino Vino Grégory Grandet,1880,Les Posses-sur-Bex,VD,555.0,162.0,717.0,,,,,CH
Casa de Vinos Krapf GmbH,9032,Engelburg,SG,225.0,491.0,716.0,,,,,CH
dynasol GmbH,4710,Balsthal,SO,671.0,45.0,716.0,,,,,CH
Amber Wines GmbH,8004,Zürich,ZH,311.0,405.0,716.0,,,,,CH
Magretra GmbH,8307,Effretikon,ZH,669.0,45.0,714.0,,,,,CH
Weinhandlung Kammerlander,8590,Romanshorn,TG,306.0,405.0,711.0,,,,,CH
Guiomar Factory Mara Pires Guiomar,2034,Peseux,NE,542.0,160.0,702.0,,,,,CH
JS Erlebnis-Gastronomie &,9200,Gossau SG,SG,215.0,486.0,701.0,,,,,CH
Atlante Développement Sàrl,1276,Gingins,VD,478.0,221.0,699.0,,,,,CH
Gourmet Wine Travel GmbH,8610,Uster,ZH,492.0,207.0,699.0,,,,,CH
Big Hop Sagl,6865,Tremona,TI,360.0,329.0,689.0,,,,,CH
ViWa.club Sàrl,1110,Morges,VD,416.0,272.0,688.0,,,,,CH
Salvi Gipserei S. Amato,8192,Glattfelden,ZH,687.0,0.0,687.0,,,,,CH
Ristorante-Pizzeria Don Ciccio Barbiero,3906,Saas-Fee,VS,573.0,113.0,686.0,,,,,CH
Wunderli Vins,1803,Chardonne,VD,572.0,113.0,685.0,,,,,CH
Rattu Penugu GmbH,8700,Küsnacht ZH,ZH,501.0,183.0,684.0,,,,,CH
Paul Oberhauser,9490,Vaduz,FL,180.0,504.0,684.0,,,,,LI
Tempo di vino Lezzi,1762,Givisiez,FR,560.0,122.0,682.0,,,,,CH
Martin Riedi,3783,Grund bei Gstaad,BE,455.0,225.0,680.0,,,,,CH
Stegemann Art,8614,Bertschikon (Gossau ZH),ZH,478.0,202.0,680.0,,,,,CH
Wüthrich Motos,2830,Courrendlin,JU,492.0,185.0,677.0,,,,,CH
Ha6 GmbH,3612,Steffisburg,BE,591.0,86.0,677.0,,,,,CH
Manz Privacy Hotels Switzerland AG,6302,Zug,ZG,270.0,405.0,675.0,,,,,CH
Wälli AG Ingenieure,9320,Arbon,TG,675.0,0.0,675.0,,,,,CH
Planet Caviar SA,1207,Genève,GE,675.0,0.0,675.0,,,,,CH
North and South GmbH,8704,Herrliberg,ZH,0.0,675.0,675.0,,,,,CH
Pimus Sàrl,2738,Court,BE,585.0,86.0,671.0,,,,,CH
Klimats Beaune-Canton de Neuchâtel,2023,Gorgier,NE,531.0,139.0,670.0,,,,,CH
The Gentlemalt Andy Muster,2747,Corcelles BE,BE,522.0,144.0,666.0,,,,,CH
V-INSPIRATION KALTENEGGER,7310,Bad Ragaz,GR,180.0,482.0,662.0,,,,,CH
Factory21 GmbH,8002,Zürich,ZH,103.0,558.0,661.0,,,,,CH
Thelo Sàrl,1203,Genève,GE,393.0,266.0,659.0,,,,,CH
Foodproject Sagl,6654,Cavigliano,TI,500.0,158.0,658.0,,,,,CH
The Epicur'Yann Greset,8006,Zürich,ZH,396.0,261.0,657.0,,,,,CH
"R. Vispo Rivas ""L'Espagnol""",1510,Moudon,VD,510.0,147.0,657.0,,,,,CH
Valento Limited Birmingham,8722,Kaltbrunn,SG,54.0,603.0,657.0,,,,,CH
Gourmandises Siciliennes DRS S.à r.l.,1207,Genève,GE,428.0,225.0,653.0,,,,,CH
Cascina Affolter,4934,Madiswil,BE,529.0,122.0,651.0,,,,,CH
Tender & Loins GmbH,4057,Basel,BS,495.0,156.0,651.0,,,,,CH
Filo d'olio di Salinitro Mattia,6962,Viganello,TI,650.0,0.0,650.0,,,,,CH
EsseCi Servizi di Stefano Cattaneo,6965,Cadro,TI,362.0,284.0,646.0,,,,,CH
Wein- und Getränkehandel Kolonialwaren,6055,Alpnach Dorf,OW,281.0,362.0,643.0,,,,,CH
Simex Trading AG,9050,Appenzell,AR,639.0,0.0,639.0,,,,,CH
RICK SPIRIT SWITZERLAND Peter,8274,Tägerwilen,TG,478.0,158.0,636.0,,,,,CH
Butterflyrebel GmbH,6204,Sempach,LU,519.0,117.0,636.0,,,,,CH
Ruocco Antipasti Manufaktur AG,3054,Schüpfen,BE,406.0,230.0,636.0,,,,,CH
L'ALCHIMISTE Pierre Schneider,1066,Epalinges,VD,405.0,230.0,635.0,,,,,CH
Restaurant & Bar à Vins No 9 Sàrl,2300,La Chaux-de-Fonds,NE,176.0,459.0,635.0,,,,,CH
WoDuVino KLG,3073,Gümligen,BE,486.0,149.0,635.0,,,,,CH
Protos Consulting Sàrl,1820,Montreux,VD,497.0,137.0,634.0,,,,,CH
InParkServices GmbH,5330,Bad Zurzach,AG,509.0,122.0,631.0,,,,,CH
Pascal Bovey,1005,Lausanne,VD,630.0,0.0,630.0,,,,,CH
Roberto Romano,8055,Zürich,ZH,0.0,630.0,630.0,,,,,CH
Oliven & Öl Handelshaus AG,8032,Zürich,ZH,450.0,180.0,630.0,,,,,CH
Greekstore - Goutziomitros,5432,Neuenhof,AG,551.0,77.0,628.0,,,,,CH
CNC Cosmetics GmbH,5200,Brugg AG,AG,495.0,131.0,626.0,,,,,CH
SCT La Bergère SA,3963,Crans-Montana,VS,617.0,9.0,626.0,,,,,CH
Wein & Co Handelsges.m.b.H.,6340,Baar,ZG,422.0,202.0,624.0,,,,,CH
Hedonistica Sàrl,1955,St-Pierre-Clages,VS,596.0,23.0,619.0,,,,,CH
Auberge de la Gabiare Sàrl,2829,Vermes,JU,615.0,0.0,615.0,,,,,CH
Oktoberweine Schweiz Inh. Daniel Wagner,8305,Dietlikon,ZH,336.0,277.0,613.0,,,,,CH
Wine & Hospitality Projects Sàrl,1934,Bruson,VS,450.0,162.0,612.0,,,,,CH
Swiss Classic Sailing AG,8610,Uster,ZH,414.0,198.0,612.0,,,,,CH
Kessenheimer Handel,9450,Altstätten SG,SG,0.0,608.0,608.0,,,,,CH
my vineria Wiser,8003,Zürich,ZH,504.0,104.0,608.0,,,,,CH
Jürg Wirth,7543,Lavin,GR,356.0,252.0,608.0,,,,,CH
Zöllig Weine,8586,Buchackern,TG,491.0,113.0,604.0,,,,,CH
Golden Fruits GmbH,6300,Zug,ZG,601.0,0.0,601.0,,,,,CH
VINIVORE SA,1227,Carouge,GE,45.0,556.0,601.0,,,,,CH
Edeltropfen GmbH,8820,Wädenswil,ZH,425.0,175.0,600.0,,,,,CH
Tamara Karr,8634,Hombrechtikon,ZH,375.0,225.0,600.0,,,,,CH
Angelini Pharma S.p.A. Rom,6301,Zug,ZG,446.0,154.0,600.0,,,,,CH
Anders Bärg Tangible Wines Sàrl,1207,Genève,GE,563.0,36.0,599.0,,,,,CH
Alfies E-Commerce AG,8952,Schlieren,ZH,284.0,313.0,597.0,,,,,CH
"CAFE FLORA ""MANGIA E BEVI""",4127,Birsfelden,BL,441.0,153.0,594.0,,,,,CH
Weine für Geniesser,8185,Winkel,ZH,0.0,594.0,594.0,,,,,CH
VinArtis Trivella,8006,Zürich,ZH,591.0,0.0,591.0,,,,,CH
Restaurant Panorama GmbH,3612,Steffisburg,BE,591.0,0.0,591.0,,,,,CH
RC Accademia della Pizza Sàrl,1958,St-Léonard,VS,589.0,0.0,589.0,,,,,CH
Garinaud Sàrl,2354,Goumois,NE,203.0,383.0,586.0,,,,,CH
Celula Verde Importation Da Cruz,1227,Carouge,GE,540.0,45.0,585.0,,,,,CH
Metz Invest AG,6247,Schötz,LU,585.0,0.0,585.0,,,,,CH
WISE ADVISORS SAGL,6900,Lugano,TI,585.0,0.0,585.0,,,,,CH
Kevin Schneider auserwählte Tropfen,3507,Biglen,BE,353.0,229.0,582.0,,,,,CH
Perenzin Vino,8600,Dübendorf,ZH,360.0,221.0,581.0,,,,,CH
KEAN GmbH,8635,Dürnten,ZH,563.0,18.0,581.0,,,,,CH
Saisonal GmbH,8008,Zürich,ZH,0.0,581.0,581.0,,,,,CH
Panetteria - Pasticceria Mimosa,6517,Arbedo,TI,250.0,329.0,579.0,,,,,CH
Peter Lüthi,8730,Uznach,SG,464.0,113.0,577.0,,,,,CH
In Vino GmbH,6317,Oberwil b. Zug,ZG,185.0,392.0,577.0,,,,,CH
Nolita Sàrl,1217,Meyrin,GE,360.0,216.0,576.0,,,,,CH
Ettinger Immobilien AG,7302,Landquart,GR,494.0,81.0,575.0,,,,,CH
VERDADE Sagl,6987,Caslano,TI,135.0,437.0,572.0,,,,,CH
Zanovello Gilberto,6934,Bioggio,TI,504.0,68.0,572.0,,,,,CH
La Carretta Sellitto,7270,Davos Platz,GR,276.0,295.0,571.0,,,,,CH
rot weiss Roth Weine GmbH,5116,Schinznach Bad,AG,279.0,291.0,570.0,,,,,CH
Office & Trade GmbH,6462,Seedorf UR,UR,315.0,252.0,567.0,,,,,CH
EssBAR KlG,9423,Altenrhein,SG,158.0,409.0,567.0,,,,,CH
Regno di Bacco Sagl,6987,Caslano,TI,356.0,210.0,566.0,,,,,CH
Crovino Inhaber Simic Mario,4710,Balsthal,SO,266.0,300.0,566.0,,,,,CH
Liechtensteiner Brauhaus,9494,Schaan,FL,542.0,24.0,566.0,,,,,LI
BibCom Sàrl,2502,Biel/Bienne,BE,410.0,155.0,565.0,,,,,CH
R&W Group AG,8808,Pfäffikon SZ,SZ,477.0,87.0,564.0,,,,,CH
Schöni Transport AG,4852,Rothrist,AG,203.0,360.0,563.0,,,,,CH
BTB Management Sàrl,1815,Clarens,VD,491.0,72.0,563.0,,,,,CH
BurnHeart's Graf,8117,Fällanden,ZH,357.0,204.0,561.0,,,,,CH
MSoftMed Sàrl,1630,Bulle,FR,302.0,257.0,559.0,,,,,CH
Christoph Goerke Weinhandel,8049,Zürich,ZH,425.0,134.0,559.0,,,,,CH
Produits Régionaux Eugénio Comenda,1609,St-Martin FR,FR,554.0,0.0,554.0,,,,,CH
Swiss Wine Export Sàrl,1195,Bursinel,VD,536.0,18.0,554.0,,,,,CH
Enoteca1620 Holding AG,6490,Andermatt,UR,383.0,171.0,554.0,,,,,CH
Vinothek Getränke GmbH,4500,Solothurn,SO,248.0,302.0,550.0,,,,,CH
BeVino GmbH,6048,Horw,LU,549.0,0.0,549.0,,,,,CH
SWIT AG,3907,Gondo,VS,387.0,162.0,549.0,,,,,CH
Amaroneshop.ch Ralf Grob,8834,Schindellegi,SZ,528.0,18.0,546.0,,,,,CH
Manell GmbH,8706,Meilen,ZH,284.0,261.0,545.0,,,,,CH
Ca' Gottardo SNC,1110,Morges,VD,333.0,212.0,545.0,,,,,CH
keller26 klg,3612,Steffisburg,BE,368.0,177.0,545.0,,,,,CH
boukali wines by takidis,8600,Dübendorf,ZH,338.0,207.0,545.0,,,,,CH
Suter Wine Company,3225,Müntschemier,BE,320.0,221.0,541.0,,,,,CH
Gastro Consulting Santucci,4702,Oensingen,SO,315.0,225.0,540.0,,,,,CH
DocWine SNC,1205,Genève,GE,360.0,180.0,540.0,,,,,CH
Viemae Sàrl,1867,Ollon VD,VD,540.0,0.0,540.0,,,,,CH
Speiserestaurant Gambrinus AG,8570,Weinfelden,TG,0.0,540.0,540.0,,,,,CH
Koru GmbH,8852,Altendorf,SZ,333.0,207.0,540.0,,,,,CH
Argentina Store Lautaro Anfossi,8810,Horgen,ZH,360.0,180.0,540.0,,,,,CH
Stéphane Maillard,2923,Courtemaîche,JU,536.0,0.0,536.0,,,,,CH
Michel Bois titulaire Michel Goy,1860,Aigle,VD,284.0,252.0,536.0,,,,,CH
DELIZIA GmbH,4132,Muttenz,BL,432.0,100.0,532.0,,,,,CH
Alexis Lehmann,4500,Solothurn,SO,248.0,279.0,527.0,,,,,CH
hovia GmbH,6280,Urswil,LU,239.0,288.0,527.0,,,,,CH
AmorDiVino di Giovanni Nicastro,6850,Mendrisio,TI,210.0,315.0,525.0,,,,,CH
Roma Inh. Pinto,8953,Dietikon,ZH,95.0,428.0,523.0,,,,,CH
Weinimport & Weinhandel SCHWARZ,9470,Werdenberg,SG,351.0,172.0,523.0,,,,,CH
Zamboni Weine GmbH,4414,Füllinsdorf,BL,0.0,522.0,522.0,,,,,CH
OUTDOOR ENTERPRISE SA,6534,S. Vittore,GR,515.0,5.0,520.0,,,,,CH
S.M. Isgrò Sagl,1227,Carouge,GE,174.0,345.0,519.0,,,,,CH
Enzoteca Malli,3083,Trimstein,BE,351.0,167.0,518.0,,,,,CH
Edelberg AG,6300,Zug,ZG,378.0,140.0,518.0,,,,,CH
viertel-kreis b2 gastro GmbH,4053,Basel,BS,260.0,257.0,517.0,,,,,CH
Top Of The Food GmbH,7500,St. Moritz,GR,191.0,325.0,516.0,,,,,CH
MHM Luzern GmbH,6005,Luzern,LU,212.0,302.0,514.0,,,,,CH
WELZ WEINHANDEL,4103,Bottmingen,BL,23.0,491.0,514.0,,,,,CH
Stuker Consulting,4052,Basel,BS,406.0,108.0,514.0,,,,,CH
ruma import fuchs,9050,Appenzell,AR,513.0,0.0,513.0,,,,,CH
Punto Auto GmbH,8057,Zürich,ZH,308.0,203.0,511.0,,,,,CH
Ferres Weine,6003,Luzern,LU,62.0,448.0,510.0,,,,,CH
MYO S.A.,1004,Lausanne,VD,45.0,464.0,509.0,,,,,CH
v7 bar gmbh,8512,Thundorf,TG,380.0,126.0,506.0,,,,,CH
Rina0204 GmbH,6032,Emmen,LU,401.0,104.0,505.0,,,,,CH
Weinschmuck GmbH,8044,Gockhausen,ZH,189.0,315.0,504.0,,,,,CH
Hotel La Romantica SA,7746,Le Prese,GR,500.0,0.0,500.0,,,,,CH
Aemme Getränke AG,3435,Ramsei,BE,468.0,32.0,500.0,,,,,CH
Arcadia Alpine GmbH,8820,Wädenswil,ZH,400.0,97.0,497.0,,,,,CH
Sorisma Sàrl,2318,Brot-Plamboz,NE,464.0,32.0,496.0,,,,,CH
Daniel und Mariana Meola GmbH,4577,Hessigkofen,SO,113.0,383.0,496.0,,,,,CH
Les Jardins de St-Vincent SA,1205,Genève,GE,193.0,303.0,496.0,,,,,CH
VAM.CH Sàrl,1255,Veyrier,GE,45.0,450.0,495.0,,,,,CH
Vasco Gastro GmbH,8304,Wallisellen,ZH,495.0,0.0,495.0,,,,,CH
Marti Delikatessen,4226,Breitenbach,SO,302.0,186.0,488.0,,,,,CH
Milvusmilvus Consulting GmbH,6430,Schwyz,SZ,486.0,0.0,486.0,,,,,CH
Paolo De Vecchi,7512,Champfèr,GR,486.0,0.0,486.0,,,,,CH
Made in Flavours KLG,5070,Frick,AG,189.0,293.0,482.0,,,,,CH
passione del vino GmbH,3911,Ried-Brig,VS,482.0,0.0,482.0,,,,,CH
Philippe Hefti Handels AG,9495,Triesen,FL,0.0,477.0,477.0,,,,,LI
Kühne. Import,6045,Meggen,LU,27.0,450.0,477.0,,,,,CH
Oterevus GmbH,5200,Brugg AG,AG,477.0,0.0,477.0,,,,,CH
Da Francesca,4133,Pratteln,BL,117.0,360.0,477.0,,,,,CH
Aris-Murtaröl AG,7517,Plaun da Lej,GR,93.0,382.0,475.0,,,,,CH
Cave Dubuis & Rudaz Sàrl,1950,Sion,VS,473.0,0.0,473.0,,,,,CH
Thalgut Erlebnisgastronomie AG,3115,Gerzensee,BE,360.0,113.0,473.0,,,,,CH
Costa Viola Import Borruto,8604,Volketswil,ZH,338.0,135.0,473.0,,,,,CH
APT Weine GmbH,8957,Spreitenbach,ZH,302.0,167.0,469.0,,,,,CH
A'PUTIA Sàrl,2735,Malleray,BE,353.0,116.0,469.0,,,,,CH
Restaurant le Mamounia,1201,Genève,GE,450.0,18.0,468.0,,,,,CH
Steyan Sàrl,1245,Collonge-Bellerive,GE,468.0,0.0,468.0,,,,,CH
Vinacria GmbH,5000,Aarau,AG,90.0,378.0,468.0,,,,,CH
Filoni Weinhandlung,6454,Flüelen,UR,402.0,65.0,467.0,,,,,CH
Wine Profit,6830,Chiasso,TI,443.0,24.0,467.0,,,,,CH
Domaine du Schlossberg,2520,La Neuveville,BE,465.0,0.0,465.0,,,,,CH
Olga editions Sàrl,1241,Puplinge,GE,464.0,0.0,464.0,,,,,CH
Restaurant du Moulin,2832,Rebeuvelier,JU,464.0,0.0,464.0,,,,,CH
Bell'Italia Sàrl,1868,Collombey,VS,459.0,0.0,459.0,,,,,CH
Jo Marques da Conceicao,6430,Schwyz,SZ,0.0,459.0,459.0,,,,,CH
Van de Boer GmbH,8600,Dübendorf,ZH,0.0,459.0,459.0,,,,,CH
Marelcom AG,8772,Nidfurn,GL,414.0,45.0,459.0,,,,,CH
Walter Amodio,8610,Uster,ZH,324.0,135.0,459.0,,,,,CH
LIDIA & AMATO SUISSE SARL,1215,Genève,GE,252.0,207.0,459.0,,,,,CH
Tartuferia Nardi AG,8008,Zürich,ZH,324.0,135.0,459.0,,,,,CH
Licka - magnum y más,8645,Jona,SG,382.0,77.0,459.0,,,,,CH
Roberto Chidichimo,9523,Züberwangen,SG,455.0,0.0,455.0,,,,,CH
Corminvest SA,1754,Avry-sur-Matran,FR,162.0,290.0,452.0,,,,,CH
Grains Nobles Sagl,6900,Lugano,TI,216.0,236.0,452.0,,,,,CH
Daniel Keller - Cave de Corseaux,1802,Corseaux,VD,0.0,452.0,452.0,,,,,CH
Lasagni Weine GmbH,4800,Zofingen,AG,0.0,452.0,452.0,,,,,CH
Viva Novo Sàrl,2114,Fleurier,NE,311.0,140.0,451.0,,,,,CH
Gastro Negrao GmbH,3018,Bern,BE,428.0,23.0,451.0,,,,,CH
Daniele Gaumenschmaus GmbH,8200,Schaffhausen,SH,451.0,0.0,451.0,,,,,CH
Vinoteca SalVino,8902,Urdorf,ZH,293.0,158.0,451.0,,,,,CH
Great Stone Europe Ltd.,6374,Buochs,NW,405.0,45.0,450.0,,,,,CH
HCH SA,6900,Lugano,TI,270.0,180.0,450.0,,,,,CH
Californie creatives Sàrl,2063,Fenin,NE,450.0,0.0,450.0,,,,,CH
Colectivo Anonimo GmbH,8048,Zürich,ZH,270.0,180.0,450.0,,,,,CH
Ruggiero Cornelia,4132,Muttenz,BL,450.0,0.0,450.0,,,,,CH
Reuss Gastro GmbH,8913,Ottenbach,ZH,225.0,225.0,450.0,,,,,CH
Bar Sixième Sens Sàrl,1920,Martigny,VS,450.0,0.0,450.0,,,,,CH
Béatrice Althoff Wein und Oliven,4052,Basel,BS,450.0,0.0,450.0,,,,,CH
Brasserie Montheysanne Isufi Sàrl,1870,Monthey,VS,450.0,0.0,450.0,,,,,CH
Anadrini GmbH,8953,Dietikon,ZH,0.0,450.0,450.0,,,,,CH
Rohrer's Weingenuss,3250,Lyss,BE,270.0,180.0,450.0,,,,,CH
riskart (Switzerland) SA,6976,Castagnola,TI,225.0,225.0,450.0,,,,,CH
Kulinarium Aktiengesellschaft,9493,Mauren FL,FL,0.0,450.0,450.0,,,,,LI
La Maison Kubanek,7017,Flims Dorf,GR,90.0,360.0,450.0,,,,,CH
Hotelwein.ch di Luca Foster,6616,Losone,TI,450.0,0.0,450.0,,,,,CH
Fine Wine Capital AG,6312,Steinhausen,ZG,112.0,337.0,449.0,,,,,CH
VinoRoo Kristian Doolan,1169,Yens,VD,276.0,171.0,447.0,,,,,CH
MoAn Sagl,6517,Arbedo,TI,445.0,0.0,445.0,,,,,CH
Frauchiger AG,3110,Münsingen,BE,345.0,96.0,441.0,,,,,CH
Paolo Vagnozzi Paolo's Catering,5225,Bözberg,AG,441.0,0.0,441.0,,,,,CH
aromo GmbH,8400,Winterthur,ZH,253.0,188.0,441.0,,,,,CH
Bruno Müller,8914,Aeugst am Albis,ZH,359.0,81.0,440.0,,,,,CH
B&B Weinkontor Aktiengesellschaft,9495,Triesen,FL,173.0,265.0,438.0,,,,,LI
Mountain Lodge Sedrun GmbH,7189,Rueras,GR,285.0,153.0,438.0,,,,,CH
Wine to me - Arnaud Boué,8053,Zürich,ZH,306.0,131.0,437.0,,,,,CH
WEINWERK GmbH,4147,Aesch BL,BL,437.0,0.0,437.0,,,,,CH
Hôtel Beau-Rivage SA Genève,1201,Genève,GE,18.0,419.0,437.0,,,,,CH
VINITALIA - Weinhandel Bayer,8302,Kloten,ZH,257.0,180.0,437.0,,,,,CH
SAN BERNARDINO DI MARCO BARBIERI,6557,Cama,GR,334.0,99.0,433.0,,,,,CH
Damaris Bourgeois,1338,Ballaigues,VD,432.0,0.0,432.0,,,,,CH
SAVEURS ET VINS Dos Santos Pipa,1032,Romanel-sur-Lausanne,VD,432.0,0.0,432.0,,,,,CH
Seehotel Delphin AG,5616,Meisterschwanden,AG,0.0,432.0,432.0,,,,,CH
Wood-Life Schreinerei,3800,Interlaken,BE,327.0,104.0,431.0,,,,,CH
REPSOLD Sàrl,1093,La Conversion,VD,429.0,0.0,429.0,,,,,CH
Weingut Clauss Verkaufsbüro,8212,Neuhausen,SH,167.0,261.0,428.0,,,,,CH
Sträuli Cape Wines,8600,Dübendorf,ZH,383.0,45.0,428.0,,,,,CH
altglas gmbh,6362,Stansstad,NW,390.0,36.0,426.0,,,,,CH
swisscoffeehouse.ch gmbh,3014,Bern,BE,257.0,168.0,425.0,,,,,CH
Torre Nova GmbH,8105,Watt,ZH,378.0,45.0,423.0,,,,,CH
Gauchat Vins,6900,Lugano,TI,296.0,126.0,422.0,,,,,CH
Posto Alto Sàrl,1907,Saxon,VS,421.0,0.0,421.0,,,,,CH
Turnei GmbH,8630,Rüti ZH,ZH,113.0,306.0,419.0,,,,,CH
HDT Sportzentrum Wetzikon AG,8620,Wetzikon ZH,ZH,360.0,59.0,419.0,,,,,CH
La Cave Patrimoniale Sàrl,1204,Genève,GE,419.0,0.0,419.0,,,,,CH
Les Barriques Zesiger,2552,Orpund,BE,302.0,115.0,417.0,,,,,CH
BORGO DEL GUSTO SAGL,6946,Ponte Capriasca,TI,339.0,77.0,416.0,,,,,CH
Vinowere GmbH,8617,Mönchaltorf,ZH,203.0,212.0,415.0,,,,,CH
AD Swiss Solutions Sàrl,1227,Carouge,GE,270.0,144.0,414.0,,,,,CH
Heinz Fischer + Giovanni Vadori,5610,Wohlen AG,AG,207.0,202.0,409.0,,,,,CH
FRIWA Trading Sàrl,3280,Murten,FR,236.0,171.0,407.0,,,,,CH
Genossenschaft HALB-HALB,7422,Tartar,GR,294.0,113.0,407.0,,,,,CH
Fernando António Teixeira da Costa,9400,Rorschach,SG,293.0,113.0,406.0,,,,,CH
Sauvage GmbH,2502,Biel/Bienne,BE,405.0,0.0,405.0,,,,,CH
Evolysta GmbH,8104,Weiningen ZH,ZH,405.0,0.0,405.0,,,,,CH
Electronova Dragone,4663,Aarburg,AG,405.0,0.0,405.0,,,,,CH
vindemia Daniel Frischknecht,8617,Mönchaltorf,ZH,225.0,180.0,405.0,,,,,CH
"Weine ""Villa Mottura"" Jörg Nickel",6010,Kriens,LU,405.0,0.0,405.0,,,,,CH
Vini Della Valle,8820,Wädenswil,ZH,135.0,270.0,405.0,,,,,CH
Buongustaio Restaurant,6443,Morschach,SZ,270.0,135.0,405.0,,,,,CH
QuantumBio Sàrl,1292,Pregny-Chambésy,GE,225.0,176.0,401.0,,,,,CH
Restaurant zur Post GmbH,4533,Riedholz,SO,201.0,198.0,399.0,,,,,CH
Restaurant Laterne Kostas,6452,Sisikon,SZ,341.0,58.0,399.0,,,,,CH
Robbe Weine,8123,Ebmatingen,ZH,182.0,216.0,398.0,,,,,CH
Tierra Bonita GmbH,4450,Sissach,BL,198.0,198.0,396.0,,,,,CH
Tissa Marketing Frick GmbH,5070,Frick,AG,0.0,396.0,396.0,,,,,CH
Marco Berini-Albergo Unione,6500,Bellinzona,TI,392.0,0.0,392.0,,,,,CH
F & B Activities SA,6883,Novazzano,TI,351.0,41.0,392.0,,,,,CH
Europe Informations,6900,Lugano,TI,144.0,248.0,392.0,,,,,CH
Azienda vinicola l'Orizzonte Sagl,6503,Bellinzona,TI,285.0,104.0,389.0,,,,,CH
MEMA Sarl,1026,Echandens,VD,383.0,5.0,388.0,,,,,CH
Lischewski ImEx KGL,1753,Matran,FR,388.0,0.0,388.0,,,,,CH
B-Consult GmbH,4314,Zeiningen,AG,243.0,144.0,387.0,,,,,CH
Import Tri-Vino Ricci,1358,Valeyres-Rances,VD,387.0,0.0,387.0,,,,,CH
Toppharm Apotheke Gellert AG,4020,Basel,BS,90.0,293.0,383.0,,,,,CH
Beirut Bistrot Sàrl,1201,Genève,GE,266.0,117.0,383.0,,,,,CH
Vin de garage corporation AG,6010,Kriens,LU,338.0,45.0,383.0,,,,,CH
minichef GmbH,3014,Bern,BE,239.0,140.0,379.0,,,,,CH
Polydias SA,6900,Lugano,TI,298.0,81.0,379.0,,,,,CH
Sicas SA,6830,Chiasso,TI,333.0,45.0,378.0,,,,,CH
BagBrands Sàrl,1630,Bulle,FR,378.0,0.0,378.0,,,,,CH
Caroline Dessort Wine Secrets,4051,Basel,BS,378.0,0.0,378.0,,,,,CH
R + B Weine GmbH,3953,Leuk Stadt,VS,378.0,0.0,378.0,,,,,CH
Toasted Concept SA,1205,Genève,GE,240.0,135.0,375.0,,,,,CH
Erimex SA,6830,Chiasso,TI,365.0,9.0,374.0,,,,,CH
azivita GmbH,8877,Murg,SG,374.0,0.0,374.0,,,,,CH
Wy-Boutique Vinothek Graf,2552,Orpund,BE,360.0,14.0,374.0,,,,,CH
ATHINA Consulting GmbH,8800,Thalwil,ZH,353.0,18.0,371.0,,,,,CH
Lebensmittelhandel Blaser,4051,Basel,BS,365.0,0.0,365.0,,,,,CH
Bürgisweyerbad AG,4934,Madiswil,BE,0.0,365.0,365.0,,,,,CH
Loricave Sàrl,2000,Neuchâtel,NE,227.0,134.0,361.0,,,,,CH
Wine Collection Lutz,3664,Burgistein,BE,266.0,95.0,361.0,,,,,CH
AA'S. Cash & Carry AG,3920,Zermatt,VS,293.0,68.0,361.0,,,,,CH
Dietsche WWG,8800,Thalwil,ZH,360.0,0.0,360.0,,,,,CH
Ehrenbold H. Weine,8598,Bottighofen,TG,0.0,360.0,360.0,,,,,CH
AG Sporthotel Stoos,6433,Stoos SZ,SZ,0.0,360.0,360.0,,,,,CH
Weinselektionen Nietlispach,3506,Grosshöchstetten,BE,288.0,72.0,360.0,,,,,CH
Vinovin GmbH,6055,Alpnach Dorf,OW,162.0,198.0,360.0,,,,,CH
BÜRKI VINI klg,8824,Schönenberg ZH,ZH,288.0,71.0,359.0,,,,,CH
Ginii With A Bottle Inh. Porsche,8196,Wil ZH,ZH,209.0,149.0,358.0,,,,,CH
Biancorosso AG,8004,Zürich,ZH,77.0,279.0,356.0,,,,,CH
weinpassion gmbh,8800,Thalwil,ZH,248.0,108.0,356.0,,,,,CH
Filenia GmbH,8800,Thalwil,ZH,135.0,221.0,356.0,,,,,CH
MAISON PACHE SARL,1204,Genève,GE,212.0,144.0,356.0,,,,,CH
BTHC AG,8834,Schindellegi,SZ,209.0,146.0,355.0,,,,,CH
Hotel Bellaval AG,7550,Scuol,GR,354.0,0.0,354.0,,,,,CH
Schwert da Gennaro e Gabriela GmbH,5330,Bad Zurzach,AG,277.0,77.0,354.0,,,,,CH
AG Hotel Chesa Grischuna,7250,Klosters,GR,352.0,0.0,352.0,,,,,CH
Mexican Products GmbH,8005,Zürich,ZH,279.0,72.0,351.0,,,,,CH
WFZ AG,8824,Schönenberg ZH,ZH,237.0,113.0,350.0,,,,,CH
Giavazzi Consulting&Trading GmbH,8424,Embrach,ZH,258.0,90.0,348.0,,,,,CH
José Manuel Lopez Gonzalez,1814,La Tour-de-Peilz,VD,347.0,0.0,347.0,,,,,CH
Gysin onWine,8918,Unterlunkhofen,AG,347.0,0.0,347.0,,,,,CH
TOUT 1 FROMAGE SA,1227,Les Acacias,GE,347.0,0.0,347.0,,,,,CH
C. Albrecht Feinkost AG,4125,Riehen,BL,180.0,167.0,347.0,,,,,CH
Luca'S Food di Andrea Luca,6814,Lamone-Cadempino,TI,113.0,230.0,343.0,,,,,CH
NJ Consult Swiss GmbH,4123,Allschwil,BL,266.0,77.0,343.0,,,,,CH
Gevos GmbH,4051,Basel,BS,207.0,135.0,342.0,,,,,CH
La Cave du P'tit Pressoir Sàrl,2016,Cortaillod,NE,340.0,0.0,340.0,,,,,CH
Korkira by Maltaric,9205,Waldkirch,SG,225.0,113.0,338.0,,,,,CH
Porto Sofie GmbH,8274,Gottlieben,TG,0.0,338.0,338.0,,,,,CH
Gourmet Factory Walchwil GmbH,6318,Walchwil,ZG,225.0,113.0,338.0,,,,,CH
Creation CSR,8045,Zürich,ZH,116.0,221.0,337.0,,,,,CH
SellWine Sagl,6807,Taverne,TI,288.0,45.0,333.0,,,,,CH
VINOTTI Otto Hintermeister,8400,Winterthur,ZH,251.0,80.0,331.0,,,,,CH
Real-Stein AG,8498,Gibswil,ZH,113.0,216.0,329.0,,,,,CH
GG Distribution alimentaire,1163,Etoy,VD,320.0,9.0,329.0,,,,,CH
Delizie del Sud Piscitelli Claudio,8706,Meilen,ZH,297.0,32.0,329.0,,,,,CH
Philippe Hefti Handels AG,9495,Triesen,FL,328.0,0.0,328.0,,,,,LI
Hotel Höfli Altdorf AG,6460,Altdorf UR,UR,255.0,72.0,327.0,,,,,CH
Grandits Gastronomie GmbH,4059,Basel,BS,235.0,90.0,325.0,,,,,CH
CityCellar AG,6264,Pfaffnau,LU,324.0,0.0,324.0,,,,,CH
JBJ MANAGEMENT Sàrl,1003,Lausanne,VD,324.0,0.0,324.0,,,,,CH
David Brodie Waterhouse,3826,Gimmelwald,BE,63.0,261.0,324.0,,,,,CH
Selezione d'Italia Pugliese,1010,Lausanne,VD,272.0,51.0,323.0,,,,,CH
T&T Gourmet Factory GmbH,3012,Bern,BE,12.0,310.0,322.0,,,,,CH
Sagino Weine & Delicatessen AG,6340,Baar,ZG,320.0,0.0,320.0,,,,,CH
oleowine sàrl,1202,Genève,GE,113.0,207.0,320.0,,,,,CH
SIEGFRIED Arnaud,1630,Bulle,FR,230.0,90.0,320.0,,,,,CH
OLIVER'S WINE SHOP à Montlebon,2300,La Chaux-de-Fonds,NE,161.0,156.0,317.0,,,,,CH
Govindo Cecchini,5405,Dättwil AG,AG,149.0,167.0,316.0,,,,,CH
Mario Gaffuri,4125,Riehen,BL,315.0,0.0,315.0,,,,,CH
Jofrag AG,9443,Widnau,SG,90.0,225.0,315.0,,,,,CH
GVSA Grands Vins de Sicile,1315,La Sarraz,VD,0.0,315.0,315.0,,,,,CH
Pugliese GmbH,4654,Lostorf,SO,135.0,180.0,315.0,,,,,CH
JREIJ DISTRIBUTION,1242,Satigny,GE,252.0,63.0,315.0,,,,,CH
LES BULLES AG,8125,Zollikerberg,ZH,136.0,178.0,314.0,,,,,CH
Weinkind by Ursi Eichmann,4665,Oftringen,AG,89.0,225.0,314.0,,,,,CH
Bacchus Weine Theodor Riccardo,8153,Rümlang,ZH,299.0,14.0,313.0,,,,,CH
VINCI IMPORT,3072,Ostermundigen,BE,216.0,95.0,311.0,,,,,CH
GIORGI OLIM LATIUM,8006,Zürich,ZH,203.0,108.0,311.0,,,,,CH
Christa und Heidy Merz GmbH,6315,Oberägeri,ZG,311.0,0.0,311.0,,,,,CH
Wine Queen Fuger Boutique,1735,Giffers,FR,162.0,149.0,311.0,,,,,CH
Knauf AG,4153,Reinach BL,BL,229.0,81.0,310.0,,,,,CH
Swiss Investment and Finance SA,1204,Genève,GE,290.0,18.0,308.0,,,,,CH
Just Need Wine GmbH,8048,Zürich,ZH,0.0,306.0,306.0,,,,,CH
PI Engineering GmbH,2562,Port,BE,0.0,306.0,306.0,,,,,CH
EPIC WINE Sàrl,1204,Genève,GE,61.0,241.0,302.0,,,,,CH
Cama Weinshop Inh. Carole Gertsch,3652,Hilterfingen,BE,207.0,95.0,302.0,,,,,CH
HOTEL BERNINA AG,7503,Samedan,GR,302.0,0.0,302.0,,,,,CH
Valleponci (Schweiz) AG,3013,Bern,BE,45.0,255.0,300.0,,,,,CH
Brégy Charles André,1958,St-Léonard,VS,0.0,300.0,300.0,,,,,CH
L'incanto Poggio Gianluca,3270,Aarberg,BE,297.0,0.0,297.0,,,,,CH
Bitto Sàrl,1052,Mont-sur-Lausanne,VD,180.0,117.0,297.0,,,,,CH
Grottino GmbH,7050,Arosa,GR,9.0,288.0,297.0,,,,,CH
Gasthaus zur Brugg GmbH,5400,Baden,AG,0.0,297.0,297.0,,,,,CH
Schirinzi Group Sàrl,2525,Le Landeron,BE,243.0,54.0,297.0,,,,,CH
Giantomaso Weine,8309,Nürensdorf,ZH,297.0,0.0,297.0,,,,,CH
Tinto y Amigos KlG,9037,Speicherschwendi,AR,293.0,0.0,293.0,,,,,CH
Walter Schmocker Weine,3550,Langnau,BE,279.0,14.0,293.0,,,,,CH
Cantina del Borgo Sàrl,1920,Martigny,VS,206.0,86.0,292.0,,,,,CH
Winey GmbH,4410,Liestal,BL,290.0,0.0,290.0,,,,,CH
Vicino Wein & Medien Kramarz,8008,Zürich,ZH,126.0,162.0,288.0,,,,,CH
21 Club SA,1207,Genève,GE,288.0,0.0,288.0,,,,,CH
Candide Finanz GmbH,8832,Wollerau,SZ,0.0,287.0,287.0,,,,,CH
Art'Vigne M. Périnat,2300,La Chaux-de-Fonds,NE,189.0,95.0,284.0,,,,,CH
DuePosti GmbH,8955,Oetwil an der Limmat,ZH,284.0,0.0,284.0,,,,,CH
GQ's Sagl,6930,Bedano,TI,63.0,221.0,284.0,,,,,CH
Gonzalo Mongil Izquierdo,6340,Baar,ZG,249.0,34.0,283.0,,,,,CH
Schmidis Wine Delivery,3920,Zermatt,VS,273.0,9.0,282.0,,,,,CH
Celec GmbH,8640,Rapperswil SG,SG,160.0,121.0,281.0,,,,,CH
SPECIALE GROUP SA,7505,Celerina,GR,176.0,104.0,280.0,,,,,CH
Wine and More GmbH,5622,Waltenschwil,AG,244.0,36.0,280.0,,,,,CH
Buonaroma AG,5620,Bremgarten AG,AG,158.0,122.0,280.0,,,,,CH
MK Wein + Gastro GmbH,4614,Hägendorf,SO,280.0,0.0,280.0,,,,,CH
Alex D. Täschler Trade + Services,3550,Langnau i. E.,BE,203.0,77.0,280.0,,,,,CH
Wine Brothers KLG,8965,Berikon,ZH,108.0,171.0,279.0,,,,,CH
CA-RE Trade,8135,Langnau am Albis,ZH,81.0,198.0,279.0,,,,,CH
Giuseppe Riggi,6982,Agno,TI,269.0,9.0,278.0,,,,,CH
imhof wine&spirits,3312,Fraubrunnen,BE,239.0,36.0,275.0,,,,,CH
MoAn Sagl,6517,Arbedo,TI,0.0,275.0,275.0,,,,,CH
La Sughera Sagl,6648,Minusio,TI,194.0,77.0,271.0,,,,,CH
Sulcommerce GmbH,3665,Wattenwil,BE,270.0,0.0,270.0,,,,,CH
VINLIBRE Edme,2000,Neuchâtel,NE,270.0,0.0,270.0,,,,,CH
Va et Vins Sàrl,2000,Neuchâtel,NE,135.0,135.0,270.0,,,,,CH
GUPTA-GASTRO-LINE GmbH,8050,Zürich,ZH,135.0,135.0,270.0,,,,,CH
Au Cochon d'Or SA,1530,Payerne,VD,36.0,234.0,270.0,,,,,CH
Oliarte GmbH,6403,Küssnacht am Rigi,SZ,270.0,0.0,270.0,,,,,CH
Bellomo GmbH,4142,Münchenstein,BL,0.0,270.0,270.0,,,,,CH
Sense of Delight GmbH,6330,Cham,ZG,81.0,188.0,269.0,,,,,CH
Straiton Fine Wine,8804,Au ZH,ZH,243.0,26.0,269.0,,,,,CH
Maury,1170,Aubonne,VD,252.0,14.0,266.0,,,,,CH
Cantina BRUSA KLG,4900,Langenthal,BE,192.0,72.0,264.0,,,,,CH
Restaurant Sonnenberg Sirnach GmbH,8370,Sirnach,TG,154.0,108.0,262.0,,,,,CH
Rämi wine&more,8932,Mettmenstetten,ZH,113.0,149.0,262.0,,,,,CH
IL MIRTILLO Sarl,1234,Vessy,GE,261.0,0.0,261.0,,,,,CH
Di Flaviano Romano Import,8957,Spreitenbach,ZH,153.0,108.0,261.0,,,,,CH
Bad Peiden AG,8702,Zollikon,ZH,18.0,243.0,261.0,,,,,CH
Spirit Trading Import Sàrl,1400,Yverdon-les-Bains,VD,113.0,148.0,261.0,,,,,CH
CMD Brands GmbH,3007,Bern,BE,0.0,260.0,260.0,,,,,CH
Solioz & Tabet SNC,1610,Châtillens,FR,258.0,0.0,258.0,,,,,CH
Wüthrich Weinhandel,8804,Au ZH,ZH,203.0,54.0,257.0,,,,,CH
Vinothek Hug,8404,Winterthur,ZH,243.0,14.0,257.0,,,,,CH
Vinomania Rigoni,8926,Uerzlikon,ZH,171.0,86.0,257.0,,,,,CH
Fritz Seidler Klapotetz,4058,Basel,BS,72.0,185.0,257.0,,,,,CH
Zabarella Acque Minerali SA,6926,Montagnola,TI,0.0,257.0,257.0,,,,,CH
Cortinas Polissage SA,2300,La Chaux-de-Fonds,NE,257.0,0.0,257.0,,,,,CH
WYNEX GMBH,8308,Illnau,ZH,122.0,135.0,257.0,,,,,CH
Premium Weine GmbH,6033,Buchrain,LU,232.0,24.0,256.0,,,,,CH
Les Caves du Château,1720,Corminboeuf,FR,252.0,0.0,252.0,,,,,CH
Enoteca il tagliato,6317,Oberwil b. Zug,ZG,252.0,0.0,252.0,,,,,CH
Benela's GmbH,3073,Gümligen,BE,27.0,224.0,251.0,,,,,CH
Malver Conde Wine,1207,Genève,GE,153.0,95.0,248.0,,,,,CH
PI Engineering GmbH,2562,Port,BE,248.0,0.0,248.0,,,,,CH
Da Luigi italienische,4800,Zofingen,AG,158.0,90.0,248.0,,,,,CH
Cresta Palace Celerina AG,7505,Celerina,GR,158.0,90.0,248.0,,,,,CH
RebRebellen B+B klg,3084,Wabern,BE,0.0,248.0,248.0,,,,,CH
Wein-Traube Aebischer,9523,Züberwangen,SG,149.0,99.0,248.0,,,,,CH
NonSoloAqua Sagl,6814,Cadempino,TI,214.0,32.0,246.0,,,,,CH
Olympus hellenic taste,8952,Schlieren,ZH,0.0,245.0,245.0,,,,,CH
Valdovalaisan Sàrl,1897,Le Bouveret,VS,95.0,149.0,244.0,,,,,CH
TASTAE di Dario Pistarà,6825,Capolago,TI,90.0,153.0,243.0,,,,,CH
Buholzer Weine Buholzer Reisen GmbH,6374,Buochs,NW,225.0,18.0,243.0,,,,,CH
VONLANTHEN SELECTIONS,1784,Courtepin,FR,99.0,144.0,243.0,,,,,CH
Schiahorn AG,7000,Chur,GR,243.0,0.0,243.0,,,,,CH
Gourmellino Müller GmbH,8640,Rapperswil SG,SG,134.0,108.0,242.0,,,,,CH
Giuseppe Cataffo,6828,Balerna,TI,50.0,189.0,239.0,,,,,CH
SGOIFO Import,1485,Nuvilly,VD,81.0,158.0,239.0,,,,,CH
Gourmori GmbH,8001,Zürich,ZH,185.0,53.0,238.0,,,,,CH
Taste Designer GmbH,7304,Maienfeld,GR,0.0,237.0,237.0,,,,,CH
VIVINO Inhaberin Victoria Bringolf,4900,Langenthal,BE,234.0,2.0,236.0,,,,,CH
Enzonet Sàrl,1023,Crissier,VD,236.0,0.0,236.0,,,,,CH
SALGROTTO SA,6900,Massagno,TI,141.0,95.0,236.0,,,,,CH
Alpina Val Müstair AG,7536,Sta. Maria Val Müstair,GR,167.0,68.0,235.0,,,,,CH
Millésimes Sàrl,1920,Martigny,VS,234.0,0.0,234.0,,,,,CH
Audela Hospitality AG,8004,Zürich,ZH,214.0,18.0,232.0,,,,,CH
Felix Christen,8304,Wallisellen,ZH,218.0,9.0,227.0,,,,,CH
Sockeye Wildlachs Import Felser,2516,Lamboing,BE,149.0,77.0,226.0,,,,,CH
Etna Bar KLG,4052,Basel,BS,113.0,113.0,226.0,,,,,CH
Peposo KlG,8006,Zürich,ZH,158.0,68.0,226.0,,,,,CH
Giger Weine,8580,Amriswil,TG,180.0,45.0,225.0,,,,,CH
Les Fous du Roi S.A.R.L.,1071,St-Saphorin-Lavaux,VD,225.0,0.0,225.0,,,,,CH
GS Real GmbH,3400,Burgdorf,BE,225.0,0.0,225.0,,,,,CH
Hosta AG,6052,Hergiswil NW,NW,225.0,0.0,225.0,,,,,CH
Thomas-Bassot SA,4153,Reinach BL,BL,225.0,0.0,225.0,,,,,CH
Vinum Divinum GmbH,5436,Würenlos,AG,225.0,0.0,225.0,,,,,CH
Weinkeller Rauch,8132,Egg b. Zürich,ZH,225.0,0.0,225.0,,,,,CH
FCompany SA,6900,Lugano,TI,27.0,197.0,224.0,,,,,CH
AFW Austrian Fine Wine GmbH,8008,Zürich,ZH,211.0,11.0,222.0,,,,,CH
Treuhand Quaranta GmbH,4422,Arisdorf,BL,122.0,99.0,221.0,,,,,CH
Elmar Gangl kunst.genuss.kultur,9492,Eschen,FL,41.0,180.0,221.0,,,,,LI
Langlois et Couto Rosado SNC,1204,Genève,GE,122.0,95.0,217.0,,,,,CH
Fankhauser Bauleitungen GmbH,3295,Rüti b. Büren,BE,0.0,216.0,216.0,,,,,CH
Sonnmatt-Garage Frei AG,3506,Grosshöchstetten,BE,150.0,66.0,216.0,,,,,CH
67 Pall Mall Verbier Sàrl,1936,Verbier,VS,172.0,44.0,216.0,,,,,CH
Gran Sapori Annese,1433,Suchy,VD,139.0,77.0,216.0,,,,,CH
Oremus Klosterladen,8001,Zürich,ZH,161.0,53.0,214.0,,,,,CH
Trendcompany AG,9532,Rickenbach b. Wil,SG,0.0,214.0,214.0,,,,,CH
UNI SHOP INTERNATIONAL SA,6900,Lugano,TI,144.0,69.0,213.0,,,,,CH
Cavis Sagl,6962,Viganello,TI,213.0,0.0,213.0,,,,,CH
Excelys Wine SA,1091,Grandvaux,VD,95.0,117.0,212.0,,,,,CH
Cipriano Miguel Import HTP,4123,Allschwil,BL,122.0,90.0,212.0,,,,,CH
Plüss Gastro - Skihaus Ibach,6433,Stoos SZ,SZ,164.0,45.0,209.0,,,,,CH
Lakomka GmbH,8051,Zürich,ZH,146.0,62.0,208.0,,,,,CH
Bondolfi Vini GmbH,7742,Poschiavo,GR,207.0,0.0,207.0,,,,,CH
Trinacria Vini S. Nicolosi-La Comare,2540,Grenchen,BE,207.0,0.0,207.0,,,,,CH
BELLEZZA - rundum schön GmbH,6018,Buttisholz,LU,95.0,108.0,203.0,,,,,CH
J. Sersa Slovina,5430,Wettingen,AG,135.0,68.0,203.0,,,,,CH
Café 2277 Sàrl,1243,Presinge,GE,140.0,61.0,201.0,,,,,CH
d'Y-vins Sàrl,1400,Yverdon-les-Bains,VD,41.0,158.0,199.0,,,,,CH
Winestia GmbH,6330,Cham,ZG,113.0,86.0,199.0,,,,,CH
Marc Iraschko Weinhandel,4102,Binningen,BL,0.0,198.0,198.0,,,,,CH
U MMIIER Weinhandels GmbH,5000,Aarau,AG,108.0,90.0,198.0,,,,,CH
Secrets of Burgundy SARL,1204,Genève,GE,90.0,108.0,198.0,,,,,CH
LA PLAZA SA,7742,Poschiavo,GR,99.0,99.0,198.0,,,,,CH
Gran Caffè Royal Karoma SA,1204,Genève,GE,99.0,99.0,198.0,,,,,CH
Ma Bourgogne Sàrl,1897,Le Bouveret,VS,54.0,144.0,198.0,,,,,CH
World Web Wines SA,1213,Lancy,GE,80.0,118.0,198.0,,,,,CH
Jade Gastro GmbH,8645,Jona,SG,0.0,198.0,198.0,,,,,CH
Conrad's Mountain Lodge AG,7513,Silvaplana,GR,99.0,99.0,198.0,,,,,CH
Vin Esprit GmbH,8049,Zürich,ZH,92.0,104.0,196.0,,,,,CH
FORMOS di Uboldi Sandro Mario,6932,Breganzona,TI,45.0,150.0,195.0,,,,,CH
SWEP Sagl,6850,Mendrisio,TI,80.0,114.0,194.0,,,,,CH
Interno.24 KLG,8200,Schaffhausen,SH,108.0,83.0,191.0,,,,,CH
GutImport GmbH,3855,Brienz BE,BE,167.0,23.0,190.0,,,,,CH
Aspermont Sàrl,1553,Châtonnaye,VD,99.0,90.0,189.0,,,,,CH
Il regno del vino,4563,Gerlafingen,SO,117.0,72.0,189.0,,,,,CH
Rheingerbe AG,8260,Stein am Rhein,SH,99.0,90.0,189.0,,,,,CH
Traumweine.com Huser,9425,Thal,SG,99.0,90.0,189.0,,,,,CH
Good's Finder Sàrl,1201,Genève,GE,53.0,134.0,187.0,,,,,CH
St. Roch Vertriebsgesellschaft mbH,3423,Ersigen,BE,185.0,0.0,185.0,,,,,CH
WEBOS Consulting Weber Oscar,8832,Wollerau,SZ,131.0,54.0,185.0,,,,,CH
domitius vins Beat Begert,1595,Faoug,VD,185.0,0.0,185.0,,,,,CH
TRINITY SPIRIT Sàrl,1204,Genève,GE,144.0,38.0,182.0,,,,,CH
Gastronomia Italian - Maiolo Anstalt,9496,Balzers,FL,113.0,68.0,181.0,,,,,LI
Maloja Palace AG,7516,Maloja,GR,90.0,90.0,180.0,,,,,CH
Schellenberg Wein,8173,Neerach,ZH,72.0,108.0,180.0,,,,,CH
Noon céramique café Sàrl,1207,Genève,GE,63.0,117.0,180.0,,,,,CH
Nicola Porcelli,1018,Lausanne,VD,180.0,0.0,180.0,,,,,CH
Organicum Goncalves de Matos,6023,Rothenburg,LU,180.0,0.0,180.0,,,,,CH
ZAVAS Hermann,6204,Sempach,LU,90.0,90.0,180.0,,,,,CH
GiGa Solutions AG,6340,Baar,ZG,104.0,74.0,178.0,,,,,CH
JUSTAIR Sàrl,1293,Bellevue,GE,149.0,27.0,176.0,,,,,CH
SGM Food Sàrl,1004,Lausanne,VD,72.0,104.0,176.0,,,,,CH
Suter und Suter Weine KLG,8113,Boppelsen,ZH,0.0,176.0,176.0,,,,,CH
Liso&Gina Sàrl,1022,Chavannes-près-Renens,VD,65.0,108.0,173.0,,,,,CH
CG Praud-Prongué Sàrl,2953,Pleujouse,JU,164.0,9.0,173.0,,,,,CH
Genusswelten GmbH,4419,Lupsingen,BL,32.0,140.0,172.0,,,,,CH
Gourmet Dolceterre Italiane GmbH,2562,Port,BE,171.0,0.0,171.0,,,,,CH
Food & Wine AG für Lebenskultur,6204,Sempach,LU,0.0,171.0,171.0,,,,,CH
Sunhand GmbH,5040,Schöftland,AG,79.0,92.0,171.0,,,,,CH
Anathek GmbH,3005,Bern,BE,0.0,170.0,170.0,,,,,CH
Fattoreffe by Fazari,4853,Riken AG,AG,135.0,34.0,169.0,,,,,CH
Dielan Dienstleistungen Lang,4145,Gempen,BL,77.0,91.0,168.0,,,,,CH
Casa Mediterranea GmbH,8117,Fällanden,ZH,113.0,54.0,167.0,,,,,CH
Taste of Italy-Italian Luxury Food,8604,Volketswil,ZH,167.0,0.0,167.0,,,,,CH
Nicolas Donadello 63,1530,Payerne,VD,167.0,0.0,167.0,,,,,CH
Wostok GmbH,3018,Bern,BE,90.0,75.0,165.0,,,,,CH
Le Rossignol,1005,Lausanne,VD,86.0,77.0,163.0,,,,,CH
Paletti AG,8005,Zürich,ZH,135.0,27.0,162.0,,,,,CH
V 2 Z Sàrl,1204,Genève,GE,139.0,22.0,161.0,,,,,CH
Hauksson Weine GmbH,5235,Rüfenach AG,AG,101.0,59.0,160.0,,,,,CH
Domaine Renaud Burnier SA,1786,Sugiez,FR,155.0,5.0,160.0,,,,,CH
Xaloc Vino GmbH,6300,Zug,ZG,132.0,27.0,159.0,,,,,CH
Special Innovation AG,8964,Rudolfstetten,ZH,0.0,159.0,159.0,,,,,CH
Galli Sergio Lebensmittel Zernez,7530,Zernez,GR,153.0,0.0,153.0,,,,,CH
Breitenmoser,9050,Appenzell Steinegg,AR,153.0,0.0,153.0,,,,,CH
Basara Sagl,6900,Lugano,TI,39.0,113.0,152.0,,,,,CH
Brunecker Speisen & Reisen,8166,Niederweningen,ZH,150.0,0.0,150.0,,,,,CH
Commune de Vevey Les Vignes de,1800,Vevey,VD,150.0,0.0,150.0,,,,,CH
Tartufi & Food Sagl,6900,Lugano,TI,63.0,86.0,149.0,,,,,CH
saporinostri.ch KLG,4553,Subingen,SO,99.0,50.0,149.0,,,,,CH
Suisse Catering Commercial,6900,Paradiso,TI,95.0,54.0,149.0,,,,,CH
S.B. Mélèze Sàrl,3961,Grimentz,VS,113.0,36.0,149.0,,,,,CH
Auberge du Prévoux Sàrl,2400,Le Locle,NE,106.0,41.0,147.0,,,,,CH
ASLAN PARTY DECORATIONS,1203,Genève,GE,77.0,68.0,145.0,,,,,CH
Wykeller AG Bern,3013,Bern,BE,117.0,27.0,144.0,,,,,CH
Format records books + more KlG,5210,Windisch,AG,29.0,115.0,144.0,,,,,CH
Seeland Handels GmbH,2555,Brügg BE,BE,27.0,117.0,144.0,,,,,CH
Imex Delikatessen AG,8853,Lachen SZ,SZ,144.0,0.0,144.0,,,,,CH
Monnet Wine,8152,Glattpark (Opfikon),ZH,99.0,45.0,144.0,,,,,CH
Vermicelles Brand AG,3362,Niederönz,BE,72.0,72.0,144.0,,,,,CH
Thurtalbräu AG,8500,Frauenfeld,TG,0.0,141.0,141.0,,,,,CH
Eurêka vins Sàrl,1095,Lutry,VD,140.0,0.0,140.0,,,,,CH
Les Saveurs de Sardaigne /,1424,Champagne,VD,130.0,9.0,139.0,,,,,CH
BERG BISTROT SAGL,6900,Lugano,TI,137.0,0.0,137.0,,,,,CH
Maria Severino da Silva Wein und,7494,Davos Wiesen,GR,45.0,90.0,135.0,,,,,CH
King Quail Flavours GmbH,4059,Basel,BS,45.0,90.0,135.0,,,,,CH
La Martina Gastro GmbH,7270,Davos Platz,GR,90.0,45.0,135.0,,,,,CH
DANIEL OSCAR GLASNER SA,1208,Genève,GE,135.0,0.0,135.0,,,,,CH
Fabio Giovanni Battista Ticozzi,6600,Locarno,TI,94.0,41.0,135.0,,,,,CH
4G Wines AG,8808,Pfäffikon SZ,SZ,135.0,0.0,135.0,,,,,CH
MELSA GmbH,4125,Riehen,BL,0.0,135.0,135.0,,,,,CH
Vinect GmbH,8636,Wald ZH,ZH,45.0,90.0,135.0,,,,,CH
Wine2Know GmbH,8806,Bäch SZ,SZ,135.0,0.0,135.0,,,,,CH
M.P. TRADE AG,8132,Egg b. Zürich,ZH,9.0,126.0,135.0,,,,,CH
Corpataux Anne-Raymonde,1735,Giffers,FR,0.0,135.0,135.0,,,,,CH
Scuola Tennis by Margaroli Sagl,6965,Cadro,TI,135.0,0.0,135.0,,,,,CH
Mare E Monti SSIP Sàrl,1005,Lausanne,VD,84.0,50.0,134.0,,,,,CH
Theresia AG,6424,Lauerz,SZ,133.0,0.0,133.0,,,,,CH
F & B Solutions SA,6854,S. Pietro,TI,132.0,0.0,132.0,,,,,CH
LINGUINI SA,1227,Carouge,GE,61.0,71.0,132.0,,,,,CH
Cuore GmbH,8803,Rüschlikon,ZH,0.0,131.0,131.0,,,,,CH
Vinum Aurum Weinhandels GmbH,6330,Cham,ZG,117.0,14.0,131.0,,,,,CH
Ge.Ne CH SA,6934,Bioggio,TI,0.0,131.0,131.0,,,,,CH
Pure Spirit SA,1815,Clarens,VD,101.0,30.0,131.0,,,,,CH
ANOCOR GmbH,6900,Lugano,TI,0.0,130.0,130.0,,,,,CH
Olivier Chastellain S.A.R.L.,1023,Crissier,VD,102.0,27.0,129.0,,,,,CH
VAD Debruyne,1691,Villarimboud,FR,128.0,0.0,128.0,,,,,CH
Vino Paradiso,8174,Stadel b. Niederglatt,ZH,122.0,5.0,127.0,,,,,CH
Swissconnect Consulting SA,1247,Anières,GE,113.0,14.0,127.0,,,,,CH
TRADEOPOLIS SA,6926,Montagnola,TI,101.0,23.0,124.0,,,,,CH
Association VINEA,3960,Sierre,VS,121.0,2.0,123.0,,,,,CH
Humbel Spezialitätenbrennerei AG,5608,Stetten AG,AG,41.0,82.0,123.0,,,,,CH
taste of slovenia Inh. Meier,9403,Goldach,SG,0.0,122.0,122.0,,,,,CH
PERBACCO! Andrea Molaschi,1092,Belmont-Lausanne,VD,111.0,9.0,120.0,,,,,CH
francesca's winery Francesca Buri,7500,St. Moritz,GR,30.0,90.0,120.0,,,,,CH
flowtrade GmbH,4142,Münchenstein,BL,90.0,29.0,119.0,,,,,CH
Asolando-Import GmbH,6300,Zug,ZG,104.0,14.0,118.0,,,,,CH
Weinstein St.Gallen AG,9000,St. Gallen,SG,116.0,0.0,116.0,,,,,CH
Buongiorno-Mercato GmbH,8606,Nänikon,ZH,64.0,51.0,115.0,,,,,CH
CMN Holding Anstalt,9490,Vaduz,FL,84.0,30.0,114.0,,,,,LI
Lajcs SA,1004,Lausanne,VD,113.0,0.0,113.0,,,,,CH
Bottega Mediterranea KLG,4310,Rheinfelden,AG,113.0,0.0,113.0,,,,,CH
L'Adage Sàrl,2300,La Chaux-de-Fonds,NE,113.0,0.0,113.0,,,,,CH
THE GODDESS COLLECTIVE GMBH,8050,Zürich,ZH,45.0,68.0,113.0,,,,,CH
Glas Gastro GmbH,3863,Gadmen,BE,45.0,66.0,111.0,,,,,CH
Caviar House & Prunier Group SA,1204,Genève,GE,0.0,108.0,108.0,,,,,CH
Tonbild Spinnerei Luzern AG,6003,Luzern,LU,0.0,108.0,108.0,,,,,CH
ITALFOOD DI BALSAMINI,6900,Lugano,TI,107.0,0.0,107.0,,,,,CH
Vinatis Suisse Sarl,1225,Chêne-Bourg,GE,75.0,32.0,107.0,,,,,CH
Hollenstein Gourmet Shop und,5702,Niederlenz,AG,92.0,14.0,106.0,,,,,CH
Grafik Werkstatt Schweiz AG,3432,Lützelflüh-Goldbach,BE,20.0,84.0,104.0,,,,,CH
L'Atelier d'Anaé Depallens,1024,Ecublens VD,VD,99.0,0.0,99.0,,,,,CH
Igra Lignum Bizzozero,1632,Riaz,FR,78.0,21.0,99.0,,,,,CH
Atharoal GmbH,7017,Flims Dorf,GR,99.0,0.0,99.0,,,,,CH
Projer Architektur AG,7477,Filisur,GR,72.0,27.0,99.0,,,,,CH
Rüti Andermatt GmbH,6490,Andermatt,UR,0.0,95.0,95.0,,,,,CH
JACEF SARL,1223,Cologny,GE,59.0,36.0,95.0,,,,,CH
GTA Sàrl,2502,Biel/Bienne,BE,95.0,0.0,95.0,,,,,CH
Silverbogen AG,8001,Zürich,ZH,60.0,35.0,95.0,,,,,CH
Auris Consulting & Investment SA,1204,Genève,GE,92.0,0.0,92.0,,,,,CH
C Bauunternehmung Centorame AG,7493,Schmitten (Albula),GR,68.0,23.0,91.0,,,,,CH
Anton Alois Blöchliger,8730,Uznach,SG,0.0,90.0,90.0,,,,,CH
S&B LivinGroup GmbH,8964,Rudolfstetten,ZH,45.0,45.0,90.0,,,,,CH
De Ronchi Wines,5442,Fislisbach,AG,36.0,54.0,90.0,,,,,CH
SYP SA,1205,Genève,GE,65.0,25.0,90.0,,,,,CH
Fernandes de Almeida Sàrl,1032,Romanel-sur-Lausanne,VD,90.0,0.0,90.0,,,,,CH
Langatun Distillery AG,4912,Aarwangen,BE,0.0,90.0,90.0,,,,,CH
Magnus Vinum,8305,Dietlikon,ZH,0.0,90.0,90.0,,,,,CH
le zaparel vins fins GmbH,3013,Bern,BE,45.0,45.0,90.0,,,,,CH
Schiller AG,6341,Baar,ZG,90.0,0.0,90.0,,,,,CH
Thomas Wetzel,4252,Bärschwil,SO,22.0,68.0,90.0,,,,,CH
Ghioldi SA,6855,Stabio,TI,67.0,20.0,87.0,,,,Pôle Agroalimentaire de Stabio,CH
FREE SHOP CIGARS SA,6850,Mendrisio,TI,54.0,32.0,86.0,,,,,CH
Nussbaum-Weine,9410,Heiden,AR,83.0,0.0,83.0,,,,,CH
Philippe Geinoz,2406,La Brévine,NE,0.0,83.0,83.0,,,,,CH
Delizie & Sapori Sagl,6835,Morbio Superiore,TI,17.0,65.0,82.0,,,,,CH
Montefid GmbH,8942,Oberrieden,ZH,50.0,32.0,82.0,,,,,CH
Piaceri del Sud GmbH,8053,Zürich,ZH,68.0,14.0,82.0,,,,,CH
GREUB'S SCHATZTRUHE,4934,Madiswil,BE,74.0,7.0,81.0,,,,,CH
DIWINE SEVERIN NIKLAUS,3095,Spiegel b. Bern,BE,63.0,18.0,81.0,,,,,CH
TI LAB SA,6864,Arzo,TI,79.0,1.0,80.0,,,,,CH
Winos SA,1205,Genève,GE,41.0,36.0,77.0,,,,,CH
Les Sentiers Pourpres Sàrl,1170,Aubonne,VD,54.0,23.0,77.0,,,,,CH
La Fourchette Basel GmbH,4057,Basel,BS,14.0,63.0,77.0,,,,,CH
Esprit Vin distribution Sàrl,1004,Lausanne,VD,27.0,50.0,77.0,,,,,CH
CW INTERNI di Walter Andersson,6600,Locarno,TI,37.0,38.0,75.0,,,,,CH
TIBOR'S VINO'S JUHASZ,8906,Bonstetten,ZH,75.0,0.0,75.0,,,,,CH
Enroc GmbH,2542,Pieterlen,BE,0.0,75.0,75.0,,,,,CH
bauer10bauer klg,8127,Forch,ZH,36.0,36.0,72.0,,,,,CH
Princivino di Andrea Caldi,6592,Sant'Antonino,TI,72.0,0.0,72.0,,,,,CH
Lorenz Ospelt,9490,Vaduz,FL,51.0,18.0,69.0,,,,,LI
RS Commerce Schweiz GmbH,6314,Unterägeri,ZG,50.0,18.0,68.0,,,,,CH
Carrosserie Asp GmbH,8153,Rümlang,ZH,68.0,0.0,68.0,,,,,CH
Luca Brogioli,6822,Arogno,TI,0.0,68.0,68.0,,,,,CH
Le petit bois La Tzoumaz Sàrl,1950,Sion,VS,54.0,14.0,68.0,,,,,CH
Tenuta Canei Inh. Perazza-Alemanni,8962,Bergdietikon,ZH,0.0,68.0,68.0,,,,,CH
mivino - Weinerlebnisse D. Bohli,8706,Meilen,ZH,42.0,23.0,65.0,,,,,CH
HERITAGE LATINO SA,1217,Meyrin,GE,32.0,32.0,64.0,,,,,CH
Slavic Trade GmbH,8404,Winterthur,ZH,60.0,4.0,64.0,,,,,CH
Foxera GmbH,8194,Hüntwangen,ZH,27.0,36.0,63.0,,,,,CH
Grotto04 Sàrl,1880,Bex,VD,63.0,0.0,63.0,,,,,CH
Sapori del Sud Atelier GmbH,3270,Aarberg,BE,27.0,36.0,63.0,,,,,CH
Domaines Select GmbH,9053,Teufen AR,AR,63.0,0.0,63.0,,,,,CH
Atlantic Brands Co. Sagl,6826,Riva San Vitale,TI,59.0,0.0,59.0,,,,,CH
Eichenberger Bioweine & More,5734,Reinach AG,AG,59.0,0.0,59.0,,,,,CH
Markthalle Trivisano GmbH,8400,Winterthur,ZH,40.0,18.0,58.0,,,,,CH
Verein Smart Savers,4055,Basel,BS,45.0,9.0,54.0,,,,,CH
Mack One Switzerland GmbH,6005,Luzern,LU,9.0,45.0,54.0,,,,,CH
Aebersold & Partner Best for your,8155,Niederhasli,ZH,45.0,9.0,54.0,,,,,CH
Trais Fluors Comestibles & Investments,8914,Aeugst am Albis,ZH,32.0,20.0,52.0,,,,,CH
Vins Fins Thorrold,4053,Basel,BS,47.0,5.0,52.0,,,,,CH
T&P Group Sàrl,1009,Pully,VD,9.0,42.0,51.0,,,,,CH
Wate Handels GmbH,2504,Biel/Bienne,BE,45.0,5.0,50.0,,,,,CH
Maselow Business Activités SA,1212,Grand-Lancy,GE,39.0,8.0,47.0,,,,,CH
The Honey Colony GmbH,8807,Freienbach,SZ,0.0,45.0,45.0,,,,,CH
Fontarocca Brunnen & Naturstein AG,4410,Liestal,BL,0.0,45.0,45.0,,,,,CH
G-VINS Sàrl,1201,Genève,GE,45.0,0.0,45.0,,,,,CH
Gauch Finest Import,6415,Arth,SZ,45.0,0.0,45.0,,,,,CH
KISLOREN Sàrl,1180,Rolle,VD,0.0,45.0,45.0,,,,,CH
Les Bulles d'Or SA,1204,Genève,GE,45.0,0.0,45.0,,,,,CH
Levin Value Trading International,8003,Zürich,ZH,45.0,0.0,45.0,,,,,CH
Manoir du Vignoble SA,1895,Vionnaz,VS,45.0,0.0,45.0,,,,,CH
Manvelyan Wine,8037,Zürich,ZH,45.0,0.0,45.0,,,,,CH
DDM Sarl,1298,Céligny,GE,36.0,9.0,45.0,,,,,CH
Sunstone Brokers SA,1823,Glion,VD,0.0,45.0,45.0,,,,,CH
The Fine Wine Agency Sàrl,1227,Les Acacias,GE,32.0,12.0,44.0,,,,,CH
GARGANTUA SA,1260,Nyon,VD,11.0,32.0,43.0,,,,,CH
Les Cafés d'ici Sàrl,1201,Genève,GE,26.0,17.0,43.0,,,,,CH
miraina AG,7250,Klosters,GR,39.0,0.0,39.0,,,,,CH
MC Vins Erbetta,1004,Lausanne,VD,24.0,14.0,38.0,,,,,CH
Amici Caffè AG,6330,Cham,ZG,36.0,0.0,36.0,,,,,CH
Rufenberg Trading GmbH,3075,Rüfenacht BE,BE,18.0,18.0,36.0,,,,,CH
HamrinOvin GmbH,8157,Dielsdorf,ZH,27.0,9.0,36.0,,,,,CH
Schavina J. Kauffmann,8340,Hinwil,ZH,0.0,36.0,36.0,,,,,CH
Pascal Karrer Getränke Import,9512,Rossrüti,SG,36.0,0.0,36.0,,,,,CH
FEINCOSTA Joris Costa,8942,Oberrieden,ZH,0.0,36.0,36.0,,,,,CH
DADA le vin suisse - Guillaume,2000,Neuchâtel,NE,35.0,0.0,35.0,,,,,CH
PROVINS SA,1951,Sion,VS,13.0,22.0,35.0,,,,,CH
Penta Vertriebs AG,8856,Tuggen,SZ,0.0,34.0,34.0,,,,,CH
WB Weinbörse AG,6410,Goldau,SZ,34.0,0.0,34.0,,,,,CH
Albergo,6833,Vacallo,TI,0.0,32.0,32.0,,,,,CH
Soledì sagl,6900,Lugano,TI,32.0,0.0,32.0,,,,,CH
MBSA Group GmbH,3900,Brig,VS,14.0,18.0,32.0,,,,,CH
TTG Travel Time Group GmbH in,8032,Zürich,ZH,17.0,14.0,31.0,,,,,CH
Franzen & Company AG,8044,Zürich,ZH,29.0,0.0,29.0,,,,,CH
Persi Weine GmbH,6037,Root,LU,29.0,0.0,29.0,,,,,CH
Nausikraft SA,1004,Lausanne,VD,27.0,0.0,27.0,,,,,CH
Axerius International SA,1897,Le Bouveret,VS,0.0,27.0,27.0,,,,,CH
L'essenza del gusto GmbH,3004,Bern,BE,27.0,0.0,27.0,,,,,CH
Terroir Champagne by Salvisberg,1196,Gland,VD,9.0,18.0,27.0,,,,,CH
Wirth Weinimport AG,6045,Meggen,LU,2.0,23.0,25.0,,,,,CH
EPICURE & CO Sàrl,1227,Carouge,GE,24.0,0.0,24.0,,,,,CH
Cesare Zamberlani,6776,Piotta,TI,23.0,0.0,23.0,,,,,CH
Prisco Food Distribution,2854,Bassecourt,JU,23.0,0.0,23.0,,,,,CH
ENOCRAZIA di Alice Bresolin,6926,Montagnola,TI,14.0,9.0,23.0,,,,,CH
gusto semplice da Mattia Cogno,3015,Bern,BE,23.0,0.0,23.0,,,,,CH
Zweifel Weine & Getränke AG,8610,Uster,ZH,12.0,8.0,20.0,,,,,CH
WeinwunderBar Judith,4495,Zeglingen,BL,7.0,13.0,20.0,,,,,CH
G.P.A - Gastronomia Professionale,8330,Pfäffikon ZH,ZH,19.0,0.0,19.0,,,,,CH
Doushka Lüps Eléna,1004,Lausanne,VD,14.0,5.0,19.0,,,,,CH
VINS SORDET,1214,Vernier,GE,18.0,0.0,18.0,,,,,CH
SWISS WINE DISTRIBUTION,1617,Remaufens,FR,18.0,0.0,18.0,,,,,CH
Agrifrance SA,1228,Plan-les-Ouates,GE,18.0,0.0,18.0,,,,,CH
ospelt handelsholding anstalt,9491,Ruggell,FL,0.0,18.0,18.0,,,,,LI
BL Glamour Sagl,6964,Davesco-Soragno,TI,11.0,6.0,17.0,,,,,CH
Alfieri Suisse Sagl,6915,Pambio-Noranco,TI,17.0,0.0,17.0,,,,,CH
ANNATA SA,6830,Chiasso,TI,16.0,0.0,16.0,,,,,CH
4.0 Sagl,6816,Bissone,TI,9.0,5.0,14.0,,,,,CH
Rebus GmbH,9486,Schaanwald,FL,9.0,5.0,14.0,,,,,LI
Elodie Food GmbH,8408,Winterthur,ZH,0.0,12.0,12.0,,,,,CH
Lisa Bader Consulting AG,8008,Zürich,ZH,11.0,0.0,11.0,,,,,CH
Ciudad Condal GmbH,8047,Zürich,ZH,11.0,0.0,11.0,,,,,CH
Nicolas Schilling SA,2000,Neuchâtel,NE,11.0,0.0,11.0,,,,,CH
Gaston & Suzette GmbH,4900,Langenthal,BE,9.0,0.0,9.0,47.91A,Commerce de détail par correspondance ou par Internet,,,CH
Sapori di Napoli GmbH,6210,Sursee,LU,9.0,0.0,9.0,46.39A,Commerce de gros interentreprises de produits alimentaires,,,CH
DIVO S.A.,1762,Givisiez,FR,9.0,0.0,9.0,47.25A,Commerce de détail de boissons (Vins et spiritueux),,,CH
Vin-import.ch - Tzvetan Mihaylov,2000,Neuchâtel,NE,0.0,9.0,9.0,47.91A,Commerce de détail par correspondance ou par Internet,,,CH
T&D Markets GmbH,3904,Naters,VS,9.0,0.0,9.0,46.34A,Commerce de gros de boissons alcoolisées,,,CH
Aixerion Sàrl,1226,Thônex,GE,7.0,1.0,8.0,46.34A,Commerce de gros de boissons alcoolisées,,,CH
Celebration GmbH,3780,Gstaad,BE,5.0,0.0,5.0,46.34A,Commerce de gros de boissons alcoolisées,,,CH
Stiftung Schweiz. Hotelfachschule,6006,Luzern,LU,5.0,0.0,5.0,85.42A,Enseignement supérieur universitaire et polytechnique,"Il s'agit d'une fondation d'enseignement (école hôtelière), classée sous le secteur de la formation.",,CH
Affinitis Sàrl,1971,Grimisuat,VS,2.0,2.0,4.0,46.34A,Commerce de gros de boissons alcoolisées,,,CH
DGE Sàrl,1205,Genève,GE,3.0,0.0,3.0,46.34A,Commerce de gros de boissons alcoolisées,,,CH
Salottino GmbH,8810,Horgen,ZH,2.0,1.0,3.0,47.25A,Commerce de détail de boissons (Vins et spiritueux),,,CH
Feldschlösschen Getränke AG,4310,Rheinfelden,AG,3.0,0.0,3.0,46.34A,Commerce de gros de boissons alcoolisées,,Carlsberg,CH
Givaudan Suisse SA,8310,Kemptthal,ZH,0.0,2.0,2.0,20.53A,Fabrication d'huiles essentielles,,,CH
Casa del Tequila Buttacavoli,8424,Embrach,ZH,2.0,0.0,2.0,47.25A,Commerce de détail de boissons (Vins et spiritueux),,,CH
Société des Produits Nestlé S.A.,1800,Vevey,VD,2.0,0.0,2.0,70.10Z,Activités des sièges sociaux,Il s'agit de la structure administrative centrale (siège mondial de Vevey) du géant de l'agroalimentaire.,,CH
